[2025-12-29 10:35:34] local.ERROR: Trying to get property of non-object {"exception":"[object] (ErrorException(code: 0): Trying to get property of non-object at /var/www/html/neopaed/app/Http/Controllers/TranscribtionIntegrationController.php:303)
[stacktrace]
#0 /var/www/html/neopaed/app/Http/Controllers/TranscribtionIntegrationController.php(303): Illuminate\\Foundation\\Bootstrap\\HandleExceptions->handleError(8, 'Trying to get p...', '/var/www/html/n...', 303, Array)
#1 /var/www/html/neopaed/app/Http/Controllers/TranscribtionIntegrationController.php(292): App\\Http\\Controllers\\TranscribtionIntegrationController->createUpdateNeonatalProforma(Array, false)
#2 [internal function]: App\\Http\\Controllers\\TranscribtionIntegrationController->storeTranscribedNeonatalProformaData(Object(Illuminate\\Http\\Request))
#3 /var/www/html/neopaed/vendor/laravel/framework/src/Illuminate/Routing/Controller.php(54): call_user_func_array(Array, Array)
#4 /var/www/html/neopaed/vendor/laravel/framework/src/Illuminate/Routing/ControllerDispatcher.php(45): Illuminate\\Routing\\Controller->callAction('storeTranscribe...', Array)
#5 /var/www/html/neopaed/vendor/laravel/framework/src/Illuminate/Routing/Route.php(212): Illuminate\\Routing\\ControllerDispatcher->dispatch(Object(Illuminate\\Routing\\Route), Object(App\\Http\\Controllers\\TranscribtionIntegrationController), 'storeTranscribe...')
#6 /var/www/html/neopaed/vendor/laravel/framework/src/Illuminate/Routing/Route.php(169): Illuminate\\Routing\\Route->runController()
#7 /var/www/html/neopaed/vendor/laravel/framework/src/Illuminate/Routing/Router.php(665): Illuminate\\Routing\\Route->run()
#8 /var/www/html/neopaed/vendor/laravel/framework/src/Illuminate/Routing/Pipeline.php(30): Illuminate\\Routing\\Router->Illuminate\\Routing\\{closure}(Object(Illuminate\\Http\\Request))
#9 /var/www/html/neopaed/vendor/laravel/framework/src/Illuminate/Pipeline/Pipeline.php(104): Illuminate\\Routing\\Pipeline->Illuminate\\Routing\\{closure}(Object(Illuminate\\Http\\Request))
#10 /var/www/html/neopaed/vendor/laravel/framework/src/Illuminate/Routing/Router.php(667): Illuminate\\Pipeline\\Pipeline->then(Object(Closure))
#11 /var/www/html/neopaed/vendor/laravel/framework/src/Illuminate/Routing/Router.php(642): Illuminate\\Routing\\Router->runRouteWithinStack(Object(Illuminate\\Routing\\Route), Object(Illuminate\\Http\\Request))
#12 /var/www/html/neopaed/vendor/laravel/framework/src/Illuminate/Routing/Router.php(608): Illuminate\\Routing\\Router->runRoute(Object(Illuminate\\Http\\Request), Object(Illuminate\\Routing\\Route))
#13 /var/www/html/neopaed/vendor/laravel/framework/src/Illuminate/Routing/Router.php(597): Illuminate\\Routing\\Router->dispatchToRoute(Object(Illuminate\\Http\\Request))
#14 /var/www/html/neopaed/vendor/laravel/framework/src/Illuminate/Foundation/Http/Kernel.php(176): Illuminate\\Routing\\Router->dispatch(Object(Illuminate\\Http\\Request))
#15 /var/www/html/neopaed/vendor/laravel/framework/src/Illuminate/Routing/Pipeline.php(30): Illuminate\\Foundation\\Http\\Kernel->Illuminate\\Foundation\\Http\\{closure}(Object(Illuminate\\Http\\Request))
#16 /var/www/html/neopaed/vendor/laravel/framework/src/Illuminate/Foundation/Http/Middleware/VerifyCsrfToken.php(68): Illuminate\\Routing\\Pipeline->Illuminate\\Routing\\{closure}(Object(Illuminate\\Http\\Request))
#17 /var/www/html/neopaed/app/Http/Middleware/VerifyCsrfToken.php(54): Illuminate\\Foundation\\Http\\Middleware\\VerifyCsrfToken->handle(Object(Illuminate\\Http\\Request), Object(Closure))
#18 /var/www/html/neopaed/vendor/laravel/framework/src/Illuminate/Pipeline/Pipeline.php(151): App\\Http\\Middleware\\VerifyCsrfToken->handle(Object(Illuminate\\Http\\Request), Object(Closure))
#19 /var/www/html/neopaed/vendor/laravel/framework/src/Illuminate/Routing/Pipeline.php(53): Illuminate\\Pipeline\\Pipeline->Illuminate\\Pipeline\\{closure}(Object(Illuminate\\Http\\Request))
#20 /var/www/html/neopaed/vendor/laravel/framework/src/Illuminate/View/Middleware/ShareErrorsFromSession.php(49): Illuminate\\Routing\\Pipeline->Illuminate\\Routing\\{closure}(Object(Illuminate\\Http\\Request))
#21 /var/www/html/neopaed/vendor/laravel/framework/src/Illuminate/Pipeline/Pipeline.php(151): Illuminate\\View\\Middleware\\ShareErrorsFromSession->handle(Object(Illuminate\\Http\\Request), Object(Closure))
#22 /var/www/html/neopaed/vendor/laravel/framework/src/Illuminate/Routing/Pipeline.php(53): Illuminate\\Pipeline\\Pipeline->Illuminate\\Pipeline\\{closure}(Object(Illuminate\\Http\\Request))
#23 /var/www/html/neopaed/vendor/laravel/framework/src/Illuminate/Session/Middleware/StartSession.php(63): Illuminate\\Routing\\Pipeline->Illuminate\\Routing\\{closure}(Object(Illuminate\\Http\\Request))
#24 /var/www/html/neopaed/vendor/laravel/framework/src/Illuminate/Pipeline/Pipeline.php(151): Illuminate\\Session\\Middleware\\StartSession->handle(Object(Illuminate\\Http\\Request), Object(Closure))
#25 /var/www/html/neopaed/vendor/laravel/framework/src/Illuminate/Routing/Pipeline.php(53): Illuminate\\Pipeline\\Pipeline->Illuminate\\Pipeline\\{closure}(Object(Illuminate\\Http\\Request))
#26 /var/www/html/neopaed/vendor/laravel/framework/src/Illuminate/Cookie/Middleware/AddQueuedCookiesToResponse.php(37): Illuminate\\Routing\\Pipeline->Illuminate\\Routing\\{closure}(Object(Illuminate\\Http\\Request))
#27 /var/www/html/neopaed/vendor/laravel/framework/src/Illuminate/Pipeline/Pipeline.php(151): Illuminate\\Cookie\\Middleware\\AddQueuedCookiesToResponse->handle(Object(Illuminate\\Http\\Request), Object(Closure))
#28 /var/www/html/neopaed/vendor/laravel/framework/src/Illuminate/Routing/Pipeline.php(53): Illuminate\\Pipeline\\Pipeline->Illuminate\\Pipeline\\{closure}(Object(Illuminate\\Http\\Request))
#29 /var/www/html/neopaed/vendor/laravel/framework/src/Illuminate/Cookie/Middleware/EncryptCookies.php(66): Illuminate\\Routing\\Pipeline->Illuminate\\Routing\\{closure}(Object(Illuminate\\Http\\Request))
#30 /var/www/html/neopaed/vendor/laravel/framework/src/Illuminate/Pipeline/Pipeline.php(151): Illuminate\\Cookie\\Middleware\\EncryptCookies->handle(Object(Illuminate\\Http\\Request), Object(Closure))
#31 /var/www/html/neopaed/vendor/laravel/framework/src/Illuminate/Routing/Pipeline.php(53): Illuminate\\Pipeline\\Pipeline->Illuminate\\Pipeline\\{closure}(Object(Illuminate\\Http\\Request))
#32 /var/www/html/neopaed/vendor/laravel/framework/src/Illuminate/Foundation/Http/Middleware/CheckForMaintenanceMode.php(62): Illuminate\\Routing\\Pipeline->Illuminate\\Routing\\{closure}(Object(Illuminate\\Http\\Request))
#33 /var/www/html/neopaed/vendor/laravel/framework/src/Illuminate/Pipeline/Pipeline.php(151): Illuminate\\Foundation\\Http\\Middleware\\CheckForMaintenanceMode->handle(Object(Illuminate\\Http\\Request), Object(Closure))
#34 /var/www/html/neopaed/vendor/laravel/framework/src/Illuminate/Routing/Pipeline.php(53): Illuminate\\Pipeline\\Pipeline->Illuminate\\Pipeline\\{closure}(Object(Illuminate\\Http\\Request))
#35 /var/www/html/neopaed/vendor/laravel/framework/src/Illuminate/Pipeline/Pipeline.php(104): Illuminate\\Routing\\Pipeline->Illuminate\\Routing\\{closure}(Object(Illuminate\\Http\\Request))
#36 /var/www/html/neopaed/vendor/laravel/framework/src/Illuminate/Foundation/Http/Kernel.php(151): Illuminate\\Pipeline\\Pipeline->then(Object(Closure))
#37 /var/www/html/neopaed/vendor/laravel/framework/src/Illuminate/Foundation/Http/Kernel.php(116): Illuminate\\Foundation\\Http\\Kernel->sendRequestThroughRouter(Object(Illuminate\\Http\\Request))
#38 /var/www/html/neopaed/public/index.php(52): Illuminate\\Foundation\\Http\\Kernel->handle(Object(Illuminate\\Http\\Request))
#39 {main}
"} 
[2025-12-29 10:35:34] local.ERROR: Undefined index: baby {"exception":"[object] (ErrorException(code: 0): Undefined index: baby at /var/www/html/neopaed/app/Http/Controllers/TranscribtionIntegrationController.php:755)
[stacktrace]
#0 /var/www/html/neopaed/app/Http/Controllers/TranscribtionIntegrationController.php(755): Illuminate\\Foundation\\Bootstrap\\HandleExceptions->handleError(8, 'Undefined index...', '/var/www/html/n...', 755, Array)
#1 /var/www/html/neopaed/app/Http/Controllers/TranscribtionIntegrationController.php(1645): App\\Http\\Controllers\\TranscribtionIntegrationController->createUpdateBabyDetails(Array)
#2 /var/www/html/neopaed/app/Http/Controllers/TranscribtionIntegrationController.php(1621): App\\Http\\Controllers\\TranscribtionIntegrationController->createUpdateNicuAdmission(Array)
#3 [internal function]: App\\Http\\Controllers\\TranscribtionIntegrationController->storeTranscribedNicuAdmissionData(Object(Illuminate\\Http\\Request))
#4 /var/www/html/neopaed/vendor/laravel/framework/src/Illuminate/Routing/Controller.php(54): call_user_func_array(Array, Array)
#5 /var/www/html/neopaed/vendor/laravel/framework/src/Illuminate/Routing/ControllerDispatcher.php(45): Illuminate\\Routing\\Controller->callAction('storeTranscribe...', Array)
#6 /var/www/html/neopaed/vendor/laravel/framework/src/Illuminate/Routing/Route.php(212): Illuminate\\Routing\\ControllerDispatcher->dispatch(Object(Illuminate\\Routing\\Route), Object(App\\Http\\Controllers\\TranscribtionIntegrationController), 'storeTranscribe...')
#7 /var/www/html/neopaed/vendor/laravel/framework/src/Illuminate/Routing/Route.php(169): Illuminate\\Routing\\Route->runController()
#8 /var/www/html/neopaed/vendor/laravel/framework/src/Illuminate/Routing/Router.php(665): Illuminate\\Routing\\Route->run()
#9 /var/www/html/neopaed/vendor/laravel/framework/src/Illuminate/Routing/Pipeline.php(30): Illuminate\\Routing\\Router->Illuminate\\Routing\\{closure}(Object(Illuminate\\Http\\Request))
#10 /var/www/html/neopaed/vendor/laravel/framework/src/Illuminate/Pipeline/Pipeline.php(104): Illuminate\\Routing\\Pipeline->Illuminate\\Routing\\{closure}(Object(Illuminate\\Http\\Request))
#11 /var/www/html/neopaed/vendor/laravel/framework/src/Illuminate/Routing/Router.php(667): Illuminate\\Pipeline\\Pipeline->then(Object(Closure))
#12 /var/www/html/neopaed/vendor/laravel/framework/src/Illuminate/Routing/Router.php(642): Illuminate\\Routing\\Router->runRouteWithinStack(Object(Illuminate\\Routing\\Route), Object(Illuminate\\Http\\Request))
#13 /var/www/html/neopaed/vendor/laravel/framework/src/Illuminate/Routing/Router.php(608): Illuminate\\Routing\\Router->runRoute(Object(Illuminate\\Http\\Request), Object(Illuminate\\Routing\\Route))
#14 /var/www/html/neopaed/vendor/laravel/framework/src/Illuminate/Routing/Router.php(597): Illuminate\\Routing\\Router->dispatchToRoute(Object(Illuminate\\Http\\Request))
#15 /var/www/html/neopaed/vendor/laravel/framework/src/Illuminate/Foundation/Http/Kernel.php(176): Illuminate\\Routing\\Router->dispatch(Object(Illuminate\\Http\\Request))
#16 /var/www/html/neopaed/vendor/laravel/framework/src/Illuminate/Routing/Pipeline.php(30): Illuminate\\Foundation\\Http\\Kernel->Illuminate\\Foundation\\Http\\{closure}(Object(Illuminate\\Http\\Request))
#17 /var/www/html/neopaed/vendor/laravel/framework/src/Illuminate/Foundation/Http/Middleware/VerifyCsrfToken.php(68): Illuminate\\Routing\\Pipeline->Illuminate\\Routing\\{closure}(Object(Illuminate\\Http\\Request))
#18 /var/www/html/neopaed/app/Http/Middleware/VerifyCsrfToken.php(54): Illuminate\\Foundation\\Http\\Middleware\\VerifyCsrfToken->handle(Object(Illuminate\\Http\\Request), Object(Closure))
#19 /var/www/html/neopaed/vendor/laravel/framework/src/Illuminate/Pipeline/Pipeline.php(151): App\\Http\\Middleware\\VerifyCsrfToken->handle(Object(Illuminate\\Http\\Request), Object(Closure))
#20 /var/www/html/neopaed/vendor/laravel/framework/src/Illuminate/Routing/Pipeline.php(53): Illuminate\\Pipeline\\Pipeline->Illuminate\\Pipeline\\{closure}(Object(Illuminate\\Http\\Request))
#21 /var/www/html/neopaed/vendor/laravel/framework/src/Illuminate/View/Middleware/ShareErrorsFromSession.php(49): Illuminate\\Routing\\Pipeline->Illuminate\\Routing\\{closure}(Object(Illuminate\\Http\\Request))
#22 /var/www/html/neopaed/vendor/laravel/framework/src/Illuminate/Pipeline/Pipeline.php(151): Illuminate\\View\\Middleware\\ShareErrorsFromSession->handle(Object(Illuminate\\Http\\Request), Object(Closure))
#23 /var/www/html/neopaed/vendor/laravel/framework/src/Illuminate/Routing/Pipeline.php(53): Illuminate\\Pipeline\\Pipeline->Illuminate\\Pipeline\\{closure}(Object(Illuminate\\Http\\Request))
#24 /var/www/html/neopaed/vendor/laravel/framework/src/Illuminate/Session/Middleware/StartSession.php(63): Illuminate\\Routing\\Pipeline->Illuminate\\Routing\\{closure}(Object(Illuminate\\Http\\Request))
#25 /var/www/html/neopaed/vendor/laravel/framework/src/Illuminate/Pipeline/Pipeline.php(151): Illuminate\\Session\\Middleware\\StartSession->handle(Object(Illuminate\\Http\\Request), Object(Closure))
#26 /var/www/html/neopaed/vendor/laravel/framework/src/Illuminate/Routing/Pipeline.php(53): Illuminate\\Pipeline\\Pipeline->Illuminate\\Pipeline\\{closure}(Object(Illuminate\\Http\\Request))
#27 /var/www/html/neopaed/vendor/laravel/framework/src/Illuminate/Cookie/Middleware/AddQueuedCookiesToResponse.php(37): Illuminate\\Routing\\Pipeline->Illuminate\\Routing\\{closure}(Object(Illuminate\\Http\\Request))
#28 /var/www/html/neopaed/vendor/laravel/framework/src/Illuminate/Pipeline/Pipeline.php(151): Illuminate\\Cookie\\Middleware\\AddQueuedCookiesToResponse->handle(Object(Illuminate\\Http\\Request), Object(Closure))
#29 /var/www/html/neopaed/vendor/laravel/framework/src/Illuminate/Routing/Pipeline.php(53): Illuminate\\Pipeline\\Pipeline->Illuminate\\Pipeline\\{closure}(Object(Illuminate\\Http\\Request))
#30 /var/www/html/neopaed/vendor/laravel/framework/src/Illuminate/Cookie/Middleware/EncryptCookies.php(66): Illuminate\\Routing\\Pipeline->Illuminate\\Routing\\{closure}(Object(Illuminate\\Http\\Request))
#31 /var/www/html/neopaed/vendor/laravel/framework/src/Illuminate/Pipeline/Pipeline.php(151): Illuminate\\Cookie\\Middleware\\EncryptCookies->handle(Object(Illuminate\\Http\\Request), Object(Closure))
#32 /var/www/html/neopaed/vendor/laravel/framework/src/Illuminate/Routing/Pipeline.php(53): Illuminate\\Pipeline\\Pipeline->Illuminate\\Pipeline\\{closure}(Object(Illuminate\\Http\\Request))
#33 /var/www/html/neopaed/vendor/laravel/framework/src/Illuminate/Foundation/Http/Middleware/CheckForMaintenanceMode.php(62): Illuminate\\Routing\\Pipeline->Illuminate\\Routing\\{closure}(Object(Illuminate\\Http\\Request))
#34 /var/www/html/neopaed/vendor/laravel/framework/src/Illuminate/Pipeline/Pipeline.php(151): Illuminate\\Foundation\\Http\\Middleware\\CheckForMaintenanceMode->handle(Object(Illuminate\\Http\\Request), Object(Closure))
#35 /var/www/html/neopaed/vendor/laravel/framework/src/Illuminate/Routing/Pipeline.php(53): Illuminate\\Pipeline\\Pipeline->Illuminate\\Pipeline\\{closure}(Object(Illuminate\\Http\\Request))
#36 /var/www/html/neopaed/vendor/laravel/framework/src/Illuminate/Pipeline/Pipeline.php(104): Illuminate\\Routing\\Pipeline->Illuminate\\Routing\\{closure}(Object(Illuminate\\Http\\Request))
#37 /var/www/html/neopaed/vendor/laravel/framework/src/Illuminate/Foundation/Http/Kernel.php(151): Illuminate\\Pipeline\\Pipeline->then(Object(Closure))
#38 /var/www/html/neopaed/vendor/laravel/framework/src/Illuminate/Foundation/Http/Kernel.php(116): Illuminate\\Foundation\\Http\\Kernel->sendRequestThroughRouter(Object(Illuminate\\Http\\Request))
#39 /var/www/html/neopaed/public/index.php(52): Illuminate\\Foundation\\Http\\Kernel->handle(Object(Illuminate\\Http\\Request))
#40 {main}
"} 
[2025-12-29 10:35:34] local.ERROR: Undefined index: mother {"exception":"[object] (ErrorException(code: 0): Undefined index: mother at /var/www/html/neopaed/app/Http/Controllers/TranscribtionIntegrationController.php:756)
[stacktrace]
#0 /var/www/html/neopaed/app/Http/Controllers/TranscribtionIntegrationController.php(756): Illuminate\\Foundation\\Bootstrap\\HandleExceptions->handleError(8, 'Undefined index...', '/var/www/html/n...', 756, Array)
#1 /var/www/html/neopaed/app/Http/Controllers/TranscribtionIntegrationController.php(879): App\\Http\\Controllers\\TranscribtionIntegrationController->createUpdateBabyDetails(Array)
#2 [internal function]: App\\Http\\Controllers\\TranscribtionIntegrationController->storeTranscribedOpNeonatalData(Object(Illuminate\\Http\\Request))
#3 /var/www/html/neopaed/vendor/laravel/framework/src/Illuminate/Routing/Controller.php(54): call_user_func_array(Array, Array)
#4 /var/www/html/neopaed/vendor/laravel/framework/src/Illuminate/Routing/ControllerDispatcher.php(45): Illuminate\\Routing\\Controller->callAction('storeTranscribe...', Array)
#5 /var/www/html/neopaed/vendor/laravel/framework/src/Illuminate/Routing/Route.php(212): Illuminate\\Routing\\ControllerDispatcher->dispatch(Object(Illuminate\\Routing\\Route), Object(App\\Http\\Controllers\\TranscribtionIntegrationController), 'storeTranscribe...')
#6 /var/www/html/neopaed/vendor/laravel/framework/src/Illuminate/Routing/Route.php(169): Illuminate\\Routing\\Route->runController()
#7 /var/www/html/neopaed/vendor/laravel/framework/src/Illuminate/Routing/Router.php(665): Illuminate\\Routing\\Route->run()
#8 /var/www/html/neopaed/vendor/laravel/framework/src/Illuminate/Routing/Pipeline.php(30): Illuminate\\Routing\\Router->Illuminate\\Routing\\{closure}(Object(Illuminate\\Http\\Request))
#9 /var/www/html/neopaed/vendor/laravel/framework/src/Illuminate/Pipeline/Pipeline.php(104): Illuminate\\Routing\\Pipeline->Illuminate\\Routing\\{closure}(Object(Illuminate\\Http\\Request))
#10 /var/www/html/neopaed/vendor/laravel/framework/src/Illuminate/Routing/Router.php(667): Illuminate\\Pipeline\\Pipeline->then(Object(Closure))
#11 /var/www/html/neopaed/vendor/laravel/framework/src/Illuminate/Routing/Router.php(642): Illuminate\\Routing\\Router->runRouteWithinStack(Object(Illuminate\\Routing\\Route), Object(Illuminate\\Http\\Request))
#12 /var/www/html/neopaed/vendor/laravel/framework/src/Illuminate/Routing/Router.php(608): Illuminate\\Routing\\Router->runRoute(Object(Illuminate\\Http\\Request), Object(Illuminate\\Routing\\Route))
#13 /var/www/html/neopaed/vendor/laravel/framework/src/Illuminate/Routing/Router.php(597): Illuminate\\Routing\\Router->dispatchToRoute(Object(Illuminate\\Http\\Request))
#14 /var/www/html/neopaed/vendor/laravel/framework/src/Illuminate/Foundation/Http/Kernel.php(176): Illuminate\\Routing\\Router->dispatch(Object(Illuminate\\Http\\Request))
#15 /var/www/html/neopaed/vendor/laravel/framework/src/Illuminate/Routing/Pipeline.php(30): Illuminate\\Foundation\\Http\\Kernel->Illuminate\\Foundation\\Http\\{closure}(Object(Illuminate\\Http\\Request))
#16 /var/www/html/neopaed/vendor/laravel/framework/src/Illuminate/Foundation/Http/Middleware/VerifyCsrfToken.php(68): Illuminate\\Routing\\Pipeline->Illuminate\\Routing\\{closure}(Object(Illuminate\\Http\\Request))
#17 /var/www/html/neopaed/app/Http/Middleware/VerifyCsrfToken.php(54): Illuminate\\Foundation\\Http\\Middleware\\VerifyCsrfToken->handle(Object(Illuminate\\Http\\Request), Object(Closure))
#18 /var/www/html/neopaed/vendor/laravel/framework/src/Illuminate/Pipeline/Pipeline.php(151): App\\Http\\Middleware\\VerifyCsrfToken->handle(Object(Illuminate\\Http\\Request), Object(Closure))
#19 /var/www/html/neopaed/vendor/laravel/framework/src/Illuminate/Routing/Pipeline.php(53): Illuminate\\Pipeline\\Pipeline->Illuminate\\Pipeline\\{closure}(Object(Illuminate\\Http\\Request))
#20 /var/www/html/neopaed/vendor/laravel/framework/src/Illuminate/View/Middleware/ShareErrorsFromSession.php(49): Illuminate\\Routing\\Pipeline->Illuminate\\Routing\\{closure}(Object(Illuminate\\Http\\Request))
#21 /var/www/html/neopaed/vendor/laravel/framework/src/Illuminate/Pipeline/Pipeline.php(151): Illuminate\\View\\Middleware\\ShareErrorsFromSession->handle(Object(Illuminate\\Http\\Request), Object(Closure))
#22 /var/www/html/neopaed/vendor/laravel/framework/src/Illuminate/Routing/Pipeline.php(53): Illuminate\\Pipeline\\Pipeline->Illuminate\\Pipeline\\{closure}(Object(Illuminate\\Http\\Request))
#23 /var/www/html/neopaed/vendor/laravel/framework/src/Illuminate/Session/Middleware/StartSession.php(63): Illuminate\\Routing\\Pipeline->Illuminate\\Routing\\{closure}(Object(Illuminate\\Http\\Request))
#24 /var/www/html/neopaed/vendor/laravel/framework/src/Illuminate/Pipeline/Pipeline.php(151): Illuminate\\Session\\Middleware\\StartSession->handle(Object(Illuminate\\Http\\Request), Object(Closure))
#25 /var/www/html/neopaed/vendor/laravel/framework/src/Illuminate/Routing/Pipeline.php(53): Illuminate\\Pipeline\\Pipeline->Illuminate\\Pipeline\\{closure}(Object(Illuminate\\Http\\Request))
#26 /var/www/html/neopaed/vendor/laravel/framework/src/Illuminate/Cookie/Middleware/AddQueuedCookiesToResponse.php(37): Illuminate\\Routing\\Pipeline->Illuminate\\Routing\\{closure}(Object(Illuminate\\Http\\Request))
#27 /var/www/html/neopaed/vendor/laravel/framework/src/Illuminate/Pipeline/Pipeline.php(151): Illuminate\\Cookie\\Middleware\\AddQueuedCookiesToResponse->handle(Object(Illuminate\\Http\\Request), Object(Closure))
#28 /var/www/html/neopaed/vendor/laravel/framework/src/Illuminate/Routing/Pipeline.php(53): Illuminate\\Pipeline\\Pipeline->Illuminate\\Pipeline\\{closure}(Object(Illuminate\\Http\\Request))
#29 /var/www/html/neopaed/vendor/laravel/framework/src/Illuminate/Cookie/Middleware/EncryptCookies.php(66): Illuminate\\Routing\\Pipeline->Illuminate\\Routing\\{closure}(Object(Illuminate\\Http\\Request))
#30 /var/www/html/neopaed/vendor/laravel/framework/src/Illuminate/Pipeline/Pipeline.php(151): Illuminate\\Cookie\\Middleware\\EncryptCookies->handle(Object(Illuminate\\Http\\Request), Object(Closure))
#31 /var/www/html/neopaed/vendor/laravel/framework/src/Illuminate/Routing/Pipeline.php(53): Illuminate\\Pipeline\\Pipeline->Illuminate\\Pipeline\\{closure}(Object(Illuminate\\Http\\Request))
#32 /var/www/html/neopaed/vendor/laravel/framework/src/Illuminate/Foundation/Http/Middleware/CheckForMaintenanceMode.php(62): Illuminate\\Routing\\Pipeline->Illuminate\\Routing\\{closure}(Object(Illuminate\\Http\\Request))
#33 /var/www/html/neopaed/vendor/laravel/framework/src/Illuminate/Pipeline/Pipeline.php(151): Illuminate\\Foundation\\Http\\Middleware\\CheckForMaintenanceMode->handle(Object(Illuminate\\Http\\Request), Object(Closure))
#34 /var/www/html/neopaed/vendor/laravel/framework/src/Illuminate/Routing/Pipeline.php(53): Illuminate\\Pipeline\\Pipeline->Illuminate\\Pipeline\\{closure}(Object(Illuminate\\Http\\Request))
#35 /var/www/html/neopaed/vendor/laravel/framework/src/Illuminate/Pipeline/Pipeline.php(104): Illuminate\\Routing\\Pipeline->Illuminate\\Routing\\{closure}(Object(Illuminate\\Http\\Request))
#36 /var/www/html/neopaed/vendor/laravel/framework/src/Illuminate/Foundation/Http/Kernel.php(151): Illuminate\\Pipeline\\Pipeline->then(Object(Closure))
#37 /var/www/html/neopaed/vendor/laravel/framework/src/Illuminate/Foundation/Http/Kernel.php(116): Illuminate\\Foundation\\Http\\Kernel->sendRequestThroughRouter(Object(Illuminate\\Http\\Request))
#38 /var/www/html/neopaed/public/index.php(52): Illuminate\\Foundation\\Http\\Kernel->handle(Object(Illuminate\\Http\\Request))
#39 {main}
"} 
[2025-12-29 10:36:35] local.ERROR: Trying to get property of non-object {"exception":"[object] (ErrorException(code: 0): Trying to get property of non-object at /var/www/html/neopaed/app/Http/Controllers/TranscribtionIntegrationController.php:303)
[stacktrace]
#0 /var/www/html/neopaed/app/Http/Controllers/TranscribtionIntegrationController.php(303): Illuminate\\Foundation\\Bootstrap\\HandleExceptions->handleError(8, 'Trying to get p...', '/var/www/html/n...', 303, Array)
#1 /var/www/html/neopaed/app/Http/Controllers/TranscribtionIntegrationController.php(292): App\\Http\\Controllers\\TranscribtionIntegrationController->createUpdateNeonatalProforma(Array, false)
#2 [internal function]: App\\Http\\Controllers\\TranscribtionIntegrationController->storeTranscribedNeonatalProformaData(Object(Illuminate\\Http\\Request))
#3 /var/www/html/neopaed/vendor/laravel/framework/src/Illuminate/Routing/Controller.php(54): call_user_func_array(Array, Array)
#4 /var/www/html/neopaed/vendor/laravel/framework/src/Illuminate/Routing/ControllerDispatcher.php(45): Illuminate\\Routing\\Controller->callAction('storeTranscribe...', Array)
#5 /var/www/html/neopaed/vendor/laravel/framework/src/Illuminate/Routing/Route.php(212): Illuminate\\Routing\\ControllerDispatcher->dispatch(Object(Illuminate\\Routing\\Route), Object(App\\Http\\Controllers\\TranscribtionIntegrationController), 'storeTranscribe...')
#6 /var/www/html/neopaed/vendor/laravel/framework/src/Illuminate/Routing/Route.php(169): Illuminate\\Routing\\Route->runController()
#7 /var/www/html/neopaed/vendor/laravel/framework/src/Illuminate/Routing/Router.php(665): Illuminate\\Routing\\Route->run()
#8 /var/www/html/neopaed/vendor/laravel/framework/src/Illuminate/Routing/Pipeline.php(30): Illuminate\\Routing\\Router->Illuminate\\Routing\\{closure}(Object(Illuminate\\Http\\Request))
#9 /var/www/html/neopaed/vendor/laravel/framework/src/Illuminate/Pipeline/Pipeline.php(104): Illuminate\\Routing\\Pipeline->Illuminate\\Routing\\{closure}(Object(Illuminate\\Http\\Request))
#10 /var/www/html/neopaed/vendor/laravel/framework/src/Illuminate/Routing/Router.php(667): Illuminate\\Pipeline\\Pipeline->then(Object(Closure))
#11 /var/www/html/neopaed/vendor/laravel/framework/src/Illuminate/Routing/Router.php(642): Illuminate\\Routing\\Router->runRouteWithinStack(Object(Illuminate\\Routing\\Route), Object(Illuminate\\Http\\Request))
#12 /var/www/html/neopaed/vendor/laravel/framework/src/Illuminate/Routing/Router.php(608): Illuminate\\Routing\\Router->runRoute(Object(Illuminate\\Http\\Request), Object(Illuminate\\Routing\\Route))
#13 /var/www/html/neopaed/vendor/laravel/framework/src/Illuminate/Routing/Router.php(597): Illuminate\\Routing\\Router->dispatchToRoute(Object(Illuminate\\Http\\Request))
#14 /var/www/html/neopaed/vendor/laravel/framework/src/Illuminate/Foundation/Http/Kernel.php(176): Illuminate\\Routing\\Router->dispatch(Object(Illuminate\\Http\\Request))
#15 /var/www/html/neopaed/vendor/laravel/framework/src/Illuminate/Routing/Pipeline.php(30): Illuminate\\Foundation\\Http\\Kernel->Illuminate\\Foundation\\Http\\{closure}(Object(Illuminate\\Http\\Request))
#16 /var/www/html/neopaed/vendor/laravel/framework/src/Illuminate/Foundation/Http/Middleware/VerifyCsrfToken.php(68): Illuminate\\Routing\\Pipeline->Illuminate\\Routing\\{closure}(Object(Illuminate\\Http\\Request))
#17 /var/www/html/neopaed/app/Http/Middleware/VerifyCsrfToken.php(54): Illuminate\\Foundation\\Http\\Middleware\\VerifyCsrfToken->handle(Object(Illuminate\\Http\\Request), Object(Closure))
#18 /var/www/html/neopaed/vendor/laravel/framework/src/Illuminate/Pipeline/Pipeline.php(151): App\\Http\\Middleware\\VerifyCsrfToken->handle(Object(Illuminate\\Http\\Request), Object(Closure))
#19 /var/www/html/neopaed/vendor/laravel/framework/src/Illuminate/Routing/Pipeline.php(53): Illuminate\\Pipeline\\Pipeline->Illuminate\\Pipeline\\{closure}(Object(Illuminate\\Http\\Request))
#20 /var/www/html/neopaed/vendor/laravel/framework/src/Illuminate/View/Middleware/ShareErrorsFromSession.php(49): Illuminate\\Routing\\Pipeline->Illuminate\\Routing\\{closure}(Object(Illuminate\\Http\\Request))
#21 /var/www/html/neopaed/vendor/laravel/framework/src/Illuminate/Pipeline/Pipeline.php(151): Illuminate\\View\\Middleware\\ShareErrorsFromSession->handle(Object(Illuminate\\Http\\Request), Object(Closure))
#22 /var/www/html/neopaed/vendor/laravel/framework/src/Illuminate/Routing/Pipeline.php(53): Illuminate\\Pipeline\\Pipeline->Illuminate\\Pipeline\\{closure}(Object(Illuminate\\Http\\Request))
#23 /var/www/html/neopaed/vendor/laravel/framework/src/Illuminate/Session/Middleware/StartSession.php(63): Illuminate\\Routing\\Pipeline->Illuminate\\Routing\\{closure}(Object(Illuminate\\Http\\Request))
#24 /var/www/html/neopaed/vendor/laravel/framework/src/Illuminate/Pipeline/Pipeline.php(151): Illuminate\\Session\\Middleware\\StartSession->handle(Object(Illuminate\\Http\\Request), Object(Closure))
#25 /var/www/html/neopaed/vendor/laravel/framework/src/Illuminate/Routing/Pipeline.php(53): Illuminate\\Pipeline\\Pipeline->Illuminate\\Pipeline\\{closure}(Object(Illuminate\\Http\\Request))
#26 /var/www/html/neopaed/vendor/laravel/framework/src/Illuminate/Cookie/Middleware/AddQueuedCookiesToResponse.php(37): Illuminate\\Routing\\Pipeline->Illuminate\\Routing\\{closure}(Object(Illuminate\\Http\\Request))
#27 /var/www/html/neopaed/vendor/laravel/framework/src/Illuminate/Pipeline/Pipeline.php(151): Illuminate\\Cookie\\Middleware\\AddQueuedCookiesToResponse->handle(Object(Illuminate\\Http\\Request), Object(Closure))
#28 /var/www/html/neopaed/vendor/laravel/framework/src/Illuminate/Routing/Pipeline.php(53): Illuminate\\Pipeline\\Pipeline->Illuminate\\Pipeline\\{closure}(Object(Illuminate\\Http\\Request))
#29 /var/www/html/neopaed/vendor/laravel/framework/src/Illuminate/Cookie/Middleware/EncryptCookies.php(66): Illuminate\\Routing\\Pipeline->Illuminate\\Routing\\{closure}(Object(Illuminate\\Http\\Request))
#30 /var/www/html/neopaed/vendor/laravel/framework/src/Illuminate/Pipeline/Pipeline.php(151): Illuminate\\Cookie\\Middleware\\EncryptCookies->handle(Object(Illuminate\\Http\\Request), Object(Closure))
#31 /var/www/html/neopaed/vendor/laravel/framework/src/Illuminate/Routing/Pipeline.php(53): Illuminate\\Pipeline\\Pipeline->Illuminate\\Pipeline\\{closure}(Object(Illuminate\\Http\\Request))
#32 /var/www/html/neopaed/vendor/laravel/framework/src/Illuminate/Foundation/Http/Middleware/CheckForMaintenanceMode.php(62): Illuminate\\Routing\\Pipeline->Illuminate\\Routing\\{closure}(Object(Illuminate\\Http\\Request))
#33 /var/www/html/neopaed/vendor/laravel/framework/src/Illuminate/Pipeline/Pipeline.php(151): Illuminate\\Foundation\\Http\\Middleware\\CheckForMaintenanceMode->handle(Object(Illuminate\\Http\\Request), Object(Closure))
#34 /var/www/html/neopaed/vendor/laravel/framework/src/Illuminate/Routing/Pipeline.php(53): Illuminate\\Pipeline\\Pipeline->Illuminate\\Pipeline\\{closure}(Object(Illuminate\\Http\\Request))
#35 /var/www/html/neopaed/vendor/laravel/framework/src/Illuminate/Pipeline/Pipeline.php(104): Illuminate\\Routing\\Pipeline->Illuminate\\Routing\\{closure}(Object(Illuminate\\Http\\Request))
#36 /var/www/html/neopaed/vendor/laravel/framework/src/Illuminate/Foundation/Http/Kernel.php(151): Illuminate\\Pipeline\\Pipeline->then(Object(Closure))
#37 /var/www/html/neopaed/vendor/laravel/framework/src/Illuminate/Foundation/Http/Kernel.php(116): Illuminate\\Foundation\\Http\\Kernel->sendRequestThroughRouter(Object(Illuminate\\Http\\Request))
#38 /var/www/html/neopaed/public/index.php(52): Illuminate\\Foundation\\Http\\Kernel->handle(Object(Illuminate\\Http\\Request))
#39 {main}
"} 
[2025-12-29 10:36:35] local.ERROR: Undefined index: baby {"exception":"[object] (ErrorException(code: 0): Undefined index: baby at /var/www/html/neopaed/app/Http/Controllers/TranscribtionIntegrationController.php:786)
[stacktrace]
#0 /var/www/html/neopaed/app/Http/Controllers/TranscribtionIntegrationController.php(786): Illuminate\\Foundation\\Bootstrap\\HandleExceptions->handleError(8, 'Undefined index...', '/var/www/html/n...', 786, Array)
#1 /var/www/html/neopaed/app/Http/Controllers/TranscribtionIntegrationController.php(1676): App\\Http\\Controllers\\TranscribtionIntegrationController->createUpdateBabyDetails(Array)
#2 /var/www/html/neopaed/app/Http/Controllers/TranscribtionIntegrationController.php(1652): App\\Http\\Controllers\\TranscribtionIntegrationController->createUpdateNicuAdmission(Array)
#3 [internal function]: App\\Http\\Controllers\\TranscribtionIntegrationController->storeTranscribedNicuAdmissionData(Object(Illuminate\\Http\\Request))
#4 /var/www/html/neopaed/vendor/laravel/framework/src/Illuminate/Routing/Controller.php(54): call_user_func_array(Array, Array)
#5 /var/www/html/neopaed/vendor/laravel/framework/src/Illuminate/Routing/ControllerDispatcher.php(45): Illuminate\\Routing\\Controller->callAction('storeTranscribe...', Array)
#6 /var/www/html/neopaed/vendor/laravel/framework/src/Illuminate/Routing/Route.php(212): Illuminate\\Routing\\ControllerDispatcher->dispatch(Object(Illuminate\\Routing\\Route), Object(App\\Http\\Controllers\\TranscribtionIntegrationController), 'storeTranscribe...')
#7 /var/www/html/neopaed/vendor/laravel/framework/src/Illuminate/Routing/Route.php(169): Illuminate\\Routing\\Route->runController()
#8 /var/www/html/neopaed/vendor/laravel/framework/src/Illuminate/Routing/Router.php(665): Illuminate\\Routing\\Route->run()
#9 /var/www/html/neopaed/vendor/laravel/framework/src/Illuminate/Routing/Pipeline.php(30): Illuminate\\Routing\\Router->Illuminate\\Routing\\{closure}(Object(Illuminate\\Http\\Request))
#10 /var/www/html/neopaed/vendor/laravel/framework/src/Illuminate/Pipeline/Pipeline.php(104): Illuminate\\Routing\\Pipeline->Illuminate\\Routing\\{closure}(Object(Illuminate\\Http\\Request))
#11 /var/www/html/neopaed/vendor/laravel/framework/src/Illuminate/Routing/Router.php(667): Illuminate\\Pipeline\\Pipeline->then(Object(Closure))
#12 /var/www/html/neopaed/vendor/laravel/framework/src/Illuminate/Routing/Router.php(642): Illuminate\\Routing\\Router->runRouteWithinStack(Object(Illuminate\\Routing\\Route), Object(Illuminate\\Http\\Request))
#13 /var/www/html/neopaed/vendor/laravel/framework/src/Illuminate/Routing/Router.php(608): Illuminate\\Routing\\Router->runRoute(Object(Illuminate\\Http\\Request), Object(Illuminate\\Routing\\Route))
#14 /var/www/html/neopaed/vendor/laravel/framework/src/Illuminate/Routing/Router.php(597): Illuminate\\Routing\\Router->dispatchToRoute(Object(Illuminate\\Http\\Request))
#15 /var/www/html/neopaed/vendor/laravel/framework/src/Illuminate/Foundation/Http/Kernel.php(176): Illuminate\\Routing\\Router->dispatch(Object(Illuminate\\Http\\Request))
#16 /var/www/html/neopaed/vendor/laravel/framework/src/Illuminate/Routing/Pipeline.php(30): Illuminate\\Foundation\\Http\\Kernel->Illuminate\\Foundation\\Http\\{closure}(Object(Illuminate\\Http\\Request))
#17 /var/www/html/neopaed/vendor/laravel/framework/src/Illuminate/Foundation/Http/Middleware/VerifyCsrfToken.php(68): Illuminate\\Routing\\Pipeline->Illuminate\\Routing\\{closure}(Object(Illuminate\\Http\\Request))
#18 /var/www/html/neopaed/app/Http/Middleware/VerifyCsrfToken.php(54): Illuminate\\Foundation\\Http\\Middleware\\VerifyCsrfToken->handle(Object(Illuminate\\Http\\Request), Object(Closure))
#19 /var/www/html/neopaed/vendor/laravel/framework/src/Illuminate/Pipeline/Pipeline.php(151): App\\Http\\Middleware\\VerifyCsrfToken->handle(Object(Illuminate\\Http\\Request), Object(Closure))
#20 /var/www/html/neopaed/vendor/laravel/framework/src/Illuminate/Routing/Pipeline.php(53): Illuminate\\Pipeline\\Pipeline->Illuminate\\Pipeline\\{closure}(Object(Illuminate\\Http\\Request))
#21 /var/www/html/neopaed/vendor/laravel/framework/src/Illuminate/View/Middleware/ShareErrorsFromSession.php(49): Illuminate\\Routing\\Pipeline->Illuminate\\Routing\\{closure}(Object(Illuminate\\Http\\Request))
#22 /var/www/html/neopaed/vendor/laravel/framework/src/Illuminate/Pipeline/Pipeline.php(151): Illuminate\\View\\Middleware\\ShareErrorsFromSession->handle(Object(Illuminate\\Http\\Request), Object(Closure))
#23 /var/www/html/neopaed/vendor/laravel/framework/src/Illuminate/Routing/Pipeline.php(53): Illuminate\\Pipeline\\Pipeline->Illuminate\\Pipeline\\{closure}(Object(Illuminate\\Http\\Request))
#24 /var/www/html/neopaed/vendor/laravel/framework/src/Illuminate/Session/Middleware/StartSession.php(63): Illuminate\\Routing\\Pipeline->Illuminate\\Routing\\{closure}(Object(Illuminate\\Http\\Request))
#25 /var/www/html/neopaed/vendor/laravel/framework/src/Illuminate/Pipeline/Pipeline.php(151): Illuminate\\Session\\Middleware\\StartSession->handle(Object(Illuminate\\Http\\Request), Object(Closure))
#26 /var/www/html/neopaed/vendor/laravel/framework/src/Illuminate/Routing/Pipeline.php(53): Illuminate\\Pipeline\\Pipeline->Illuminate\\Pipeline\\{closure}(Object(Illuminate\\Http\\Request))
#27 /var/www/html/neopaed/vendor/laravel/framework/src/Illuminate/Cookie/Middleware/AddQueuedCookiesToResponse.php(37): Illuminate\\Routing\\Pipeline->Illuminate\\Routing\\{closure}(Object(Illuminate\\Http\\Request))
#28 /var/www/html/neopaed/vendor/laravel/framework/src/Illuminate/Pipeline/Pipeline.php(151): Illuminate\\Cookie\\Middleware\\AddQueuedCookiesToResponse->handle(Object(Illuminate\\Http\\Request), Object(Closure))
#29 /var/www/html/neopaed/vendor/laravel/framework/src/Illuminate/Routing/Pipeline.php(53): Illuminate\\Pipeline\\Pipeline->Illuminate\\Pipeline\\{closure}(Object(Illuminate\\Http\\Request))
#30 /var/www/html/neopaed/vendor/laravel/framework/src/Illuminate/Cookie/Middleware/EncryptCookies.php(66): Illuminate\\Routing\\Pipeline->Illuminate\\Routing\\{closure}(Object(Illuminate\\Http\\Request))
#31 /var/www/html/neopaed/vendor/laravel/framework/src/Illuminate/Pipeline/Pipeline.php(151): Illuminate\\Cookie\\Middleware\\EncryptCookies->handle(Object(Illuminate\\Http\\Request), Object(Closure))
#32 /var/www/html/neopaed/vendor/laravel/framework/src/Illuminate/Routing/Pipeline.php(53): Illuminate\\Pipeline\\Pipeline->Illuminate\\Pipeline\\{closure}(Object(Illuminate\\Http\\Request))
#33 /var/www/html/neopaed/vendor/laravel/framework/src/Illuminate/Foundation/Http/Middleware/CheckForMaintenanceMode.php(62): Illuminate\\Routing\\Pipeline->Illuminate\\Routing\\{closure}(Object(Illuminate\\Http\\Request))
#34 /var/www/html/neopaed/vendor/laravel/framework/src/Illuminate/Pipeline/Pipeline.php(151): Illuminate\\Foundation\\Http\\Middleware\\CheckForMaintenanceMode->handle(Object(Illuminate\\Http\\Request), Object(Closure))
#35 /var/www/html/neopaed/vendor/laravel/framework/src/Illuminate/Routing/Pipeline.php(53): Illuminate\\Pipeline\\Pipeline->Illuminate\\Pipeline\\{closure}(Object(Illuminate\\Http\\Request))
#36 /var/www/html/neopaed/vendor/laravel/framework/src/Illuminate/Pipeline/Pipeline.php(104): Illuminate\\Routing\\Pipeline->Illuminate\\Routing\\{closure}(Object(Illuminate\\Http\\Request))
#37 /var/www/html/neopaed/vendor/laravel/framework/src/Illuminate/Foundation/Http/Kernel.php(151): Illuminate\\Pipeline\\Pipeline->then(Object(Closure))
#38 /var/www/html/neopaed/vendor/laravel/framework/src/Illuminate/Foundation/Http/Kernel.php(116): Illuminate\\Foundation\\Http\\Kernel->sendRequestThroughRouter(Object(Illuminate\\Http\\Request))
#39 /var/www/html/neopaed/public/index.php(52): Illuminate\\Foundation\\Http\\Kernel->handle(Object(Illuminate\\Http\\Request))
#40 {main}
"} 
[2025-12-29 10:36:35] local.ERROR: Undefined index: mother {"exception":"[object] (ErrorException(code: 0): Undefined index: mother at /var/www/html/neopaed/app/Http/Controllers/TranscribtionIntegrationController.php:787)
[stacktrace]
#0 /var/www/html/neopaed/app/Http/Controllers/TranscribtionIntegrationController.php(787): Illuminate\\Foundation\\Bootstrap\\HandleExceptions->handleError(8, 'Undefined index...', '/var/www/html/n...', 787, Array)
#1 /var/www/html/neopaed/app/Http/Controllers/TranscribtionIntegrationController.php(910): App\\Http\\Controllers\\TranscribtionIntegrationController->createUpdateBabyDetails(Array)
#2 [internal function]: App\\Http\\Controllers\\TranscribtionIntegrationController->storeTranscribedOpNeonatalData(Object(Illuminate\\Http\\Request))
#3 /var/www/html/neopaed/vendor/laravel/framework/src/Illuminate/Routing/Controller.php(54): call_user_func_array(Array, Array)
#4 /var/www/html/neopaed/vendor/laravel/framework/src/Illuminate/Routing/ControllerDispatcher.php(45): Illuminate\\Routing\\Controller->callAction('storeTranscribe...', Array)
#5 /var/www/html/neopaed/vendor/laravel/framework/src/Illuminate/Routing/Route.php(212): Illuminate\\Routing\\ControllerDispatcher->dispatch(Object(Illuminate\\Routing\\Route), Object(App\\Http\\Controllers\\TranscribtionIntegrationController), 'storeTranscribe...')
#6 /var/www/html/neopaed/vendor/laravel/framework/src/Illuminate/Routing/Route.php(169): Illuminate\\Routing\\Route->runController()
#7 /var/www/html/neopaed/vendor/laravel/framework/src/Illuminate/Routing/Router.php(665): Illuminate\\Routing\\Route->run()
#8 /var/www/html/neopaed/vendor/laravel/framework/src/Illuminate/Routing/Pipeline.php(30): Illuminate\\Routing\\Router->Illuminate\\Routing\\{closure}(Object(Illuminate\\Http\\Request))
#9 /var/www/html/neopaed/vendor/laravel/framework/src/Illuminate/Pipeline/Pipeline.php(104): Illuminate\\Routing\\Pipeline->Illuminate\\Routing\\{closure}(Object(Illuminate\\Http\\Request))
#10 /var/www/html/neopaed/vendor/laravel/framework/src/Illuminate/Routing/Router.php(667): Illuminate\\Pipeline\\Pipeline->then(Object(Closure))
#11 /var/www/html/neopaed/vendor/laravel/framework/src/Illuminate/Routing/Router.php(642): Illuminate\\Routing\\Router->runRouteWithinStack(Object(Illuminate\\Routing\\Route), Object(Illuminate\\Http\\Request))
#12 /var/www/html/neopaed/vendor/laravel/framework/src/Illuminate/Routing/Router.php(608): Illuminate\\Routing\\Router->runRoute(Object(Illuminate\\Http\\Request), Object(Illuminate\\Routing\\Route))
#13 /var/www/html/neopaed/vendor/laravel/framework/src/Illuminate/Routing/Router.php(597): Illuminate\\Routing\\Router->dispatchToRoute(Object(Illuminate\\Http\\Request))
#14 /var/www/html/neopaed/vendor/laravel/framework/src/Illuminate/Foundation/Http/Kernel.php(176): Illuminate\\Routing\\Router->dispatch(Object(Illuminate\\Http\\Request))
#15 /var/www/html/neopaed/vendor/laravel/framework/src/Illuminate/Routing/Pipeline.php(30): Illuminate\\Foundation\\Http\\Kernel->Illuminate\\Foundation\\Http\\{closure}(Object(Illuminate\\Http\\Request))
#16 /var/www/html/neopaed/vendor/laravel/framework/src/Illuminate/Foundation/Http/Middleware/VerifyCsrfToken.php(68): Illuminate\\Routing\\Pipeline->Illuminate\\Routing\\{closure}(Object(Illuminate\\Http\\Request))
#17 /var/www/html/neopaed/app/Http/Middleware/VerifyCsrfToken.php(54): Illuminate\\Foundation\\Http\\Middleware\\VerifyCsrfToken->handle(Object(Illuminate\\Http\\Request), Object(Closure))
#18 /var/www/html/neopaed/vendor/laravel/framework/src/Illuminate/Pipeline/Pipeline.php(151): App\\Http\\Middleware\\VerifyCsrfToken->handle(Object(Illuminate\\Http\\Request), Object(Closure))
#19 /var/www/html/neopaed/vendor/laravel/framework/src/Illuminate/Routing/Pipeline.php(53): Illuminate\\Pipeline\\Pipeline->Illuminate\\Pipeline\\{closure}(Object(Illuminate\\Http\\Request))
#20 /var/www/html/neopaed/vendor/laravel/framework/src/Illuminate/View/Middleware/ShareErrorsFromSession.php(49): Illuminate\\Routing\\Pipeline->Illuminate\\Routing\\{closure}(Object(Illuminate\\Http\\Request))
#21 /var/www/html/neopaed/vendor/laravel/framework/src/Illuminate/Pipeline/Pipeline.php(151): Illuminate\\View\\Middleware\\ShareErrorsFromSession->handle(Object(Illuminate\\Http\\Request), Object(Closure))
#22 /var/www/html/neopaed/vendor/laravel/framework/src/Illuminate/Routing/Pipeline.php(53): Illuminate\\Pipeline\\Pipeline->Illuminate\\Pipeline\\{closure}(Object(Illuminate\\Http\\Request))
#23 /var/www/html/neopaed/vendor/laravel/framework/src/Illuminate/Session/Middleware/StartSession.php(63): Illuminate\\Routing\\Pipeline->Illuminate\\Routing\\{closure}(Object(Illuminate\\Http\\Request))
#24 /var/www/html/neopaed/vendor/laravel/framework/src/Illuminate/Pipeline/Pipeline.php(151): Illuminate\\Session\\Middleware\\StartSession->handle(Object(Illuminate\\Http\\Request), Object(Closure))
#25 /var/www/html/neopaed/vendor/laravel/framework/src/Illuminate/Routing/Pipeline.php(53): Illuminate\\Pipeline\\Pipeline->Illuminate\\Pipeline\\{closure}(Object(Illuminate\\Http\\Request))
#26 /var/www/html/neopaed/vendor/laravel/framework/src/Illuminate/Cookie/Middleware/AddQueuedCookiesToResponse.php(37): Illuminate\\Routing\\Pipeline->Illuminate\\Routing\\{closure}(Object(Illuminate\\Http\\Request))
#27 /var/www/html/neopaed/vendor/laravel/framework/src/Illuminate/Pipeline/Pipeline.php(151): Illuminate\\Cookie\\Middleware\\AddQueuedCookiesToResponse->handle(Object(Illuminate\\Http\\Request), Object(Closure))
#28 /var/www/html/neopaed/vendor/laravel/framework/src/Illuminate/Routing/Pipeline.php(53): Illuminate\\Pipeline\\Pipeline->Illuminate\\Pipeline\\{closure}(Object(Illuminate\\Http\\Request))
#29 /var/www/html/neopaed/vendor/laravel/framework/src/Illuminate/Cookie/Middleware/EncryptCookies.php(66): Illuminate\\Routing\\Pipeline->Illuminate\\Routing\\{closure}(Object(Illuminate\\Http\\Request))
#30 /var/www/html/neopaed/vendor/laravel/framework/src/Illuminate/Pipeline/Pipeline.php(151): Illuminate\\Cookie\\Middleware\\EncryptCookies->handle(Object(Illuminate\\Http\\Request), Object(Closure))
#31 /var/www/html/neopaed/vendor/laravel/framework/src/Illuminate/Routing/Pipeline.php(53): Illuminate\\Pipeline\\Pipeline->Illuminate\\Pipeline\\{closure}(Object(Illuminate\\Http\\Request))
#32 /var/www/html/neopaed/vendor/laravel/framework/src/Illuminate/Foundation/Http/Middleware/CheckForMaintenanceMode.php(62): Illuminate\\Routing\\Pipeline->Illuminate\\Routing\\{closure}(Object(Illuminate\\Http\\Request))
#33 /var/www/html/neopaed/vendor/laravel/framework/src/Illuminate/Pipeline/Pipeline.php(151): Illuminate\\Foundation\\Http\\Middleware\\CheckForMaintenanceMode->handle(Object(Illuminate\\Http\\Request), Object(Closure))
#34 /var/www/html/neopaed/vendor/laravel/framework/src/Illuminate/Routing/Pipeline.php(53): Illuminate\\Pipeline\\Pipeline->Illuminate\\Pipeline\\{closure}(Object(Illuminate\\Http\\Request))
#35 /var/www/html/neopaed/vendor/laravel/framework/src/Illuminate/Pipeline/Pipeline.php(104): Illuminate\\Routing\\Pipeline->Illuminate\\Routing\\{closure}(Object(Illuminate\\Http\\Request))
#36 /var/www/html/neopaed/vendor/laravel/framework/src/Illuminate/Foundation/Http/Kernel.php(151): Illuminate\\Pipeline\\Pipeline->then(Object(Closure))
#37 /var/www/html/neopaed/vendor/laravel/framework/src/Illuminate/Foundation/Http/Kernel.php(116): Illuminate\\Foundation\\Http\\Kernel->sendRequestThroughRouter(Object(Illuminate\\Http\\Request))
#38 /var/www/html/neopaed/public/index.php(52): Illuminate\\Foundation\\Http\\Kernel->handle(Object(Illuminate\\Http\\Request))
#39 {main}
"} 
[2025-12-29 10:37:09] local.ERROR: Trying to get property of non-object {"exception":"[object] (ErrorException(code: 0): Trying to get property of non-object at /var/www/html/neopaed/app/Http/Controllers/TranscribtionIntegrationController.php:303)
[stacktrace]
#0 /var/www/html/neopaed/app/Http/Controllers/TranscribtionIntegrationController.php(303): Illuminate\\Foundation\\Bootstrap\\HandleExceptions->handleError(8, 'Trying to get p...', '/var/www/html/n...', 303, Array)
#1 /var/www/html/neopaed/app/Http/Controllers/TranscribtionIntegrationController.php(292): App\\Http\\Controllers\\TranscribtionIntegrationController->createUpdateNeonatalProforma(Array, false)
#2 [internal function]: App\\Http\\Controllers\\TranscribtionIntegrationController->storeTranscribedNeonatalProformaData(Object(Illuminate\\Http\\Request))
#3 /var/www/html/neopaed/vendor/laravel/framework/src/Illuminate/Routing/Controller.php(54): call_user_func_array(Array, Array)
#4 /var/www/html/neopaed/vendor/laravel/framework/src/Illuminate/Routing/ControllerDispatcher.php(45): Illuminate\\Routing\\Controller->callAction('storeTranscribe...', Array)
#5 /var/www/html/neopaed/vendor/laravel/framework/src/Illuminate/Routing/Route.php(212): Illuminate\\Routing\\ControllerDispatcher->dispatch(Object(Illuminate\\Routing\\Route), Object(App\\Http\\Controllers\\TranscribtionIntegrationController), 'storeTranscribe...')
#6 /var/www/html/neopaed/vendor/laravel/framework/src/Illuminate/Routing/Route.php(169): Illuminate\\Routing\\Route->runController()
#7 /var/www/html/neopaed/vendor/laravel/framework/src/Illuminate/Routing/Router.php(665): Illuminate\\Routing\\Route->run()
#8 /var/www/html/neopaed/vendor/laravel/framework/src/Illuminate/Routing/Pipeline.php(30): Illuminate\\Routing\\Router->Illuminate\\Routing\\{closure}(Object(Illuminate\\Http\\Request))
#9 /var/www/html/neopaed/vendor/laravel/framework/src/Illuminate/Pipeline/Pipeline.php(104): Illuminate\\Routing\\Pipeline->Illuminate\\Routing\\{closure}(Object(Illuminate\\Http\\Request))
#10 /var/www/html/neopaed/vendor/laravel/framework/src/Illuminate/Routing/Router.php(667): Illuminate\\Pipeline\\Pipeline->then(Object(Closure))
#11 /var/www/html/neopaed/vendor/laravel/framework/src/Illuminate/Routing/Router.php(642): Illuminate\\Routing\\Router->runRouteWithinStack(Object(Illuminate\\Routing\\Route), Object(Illuminate\\Http\\Request))
#12 /var/www/html/neopaed/vendor/laravel/framework/src/Illuminate/Routing/Router.php(608): Illuminate\\Routing\\Router->runRoute(Object(Illuminate\\Http\\Request), Object(Illuminate\\Routing\\Route))
#13 /var/www/html/neopaed/vendor/laravel/framework/src/Illuminate/Routing/Router.php(597): Illuminate\\Routing\\Router->dispatchToRoute(Object(Illuminate\\Http\\Request))
#14 /var/www/html/neopaed/vendor/laravel/framework/src/Illuminate/Foundation/Http/Kernel.php(176): Illuminate\\Routing\\Router->dispatch(Object(Illuminate\\Http\\Request))
#15 /var/www/html/neopaed/vendor/laravel/framework/src/Illuminate/Routing/Pipeline.php(30): Illuminate\\Foundation\\Http\\Kernel->Illuminate\\Foundation\\Http\\{closure}(Object(Illuminate\\Http\\Request))
#16 /var/www/html/neopaed/vendor/laravel/framework/src/Illuminate/Foundation/Http/Middleware/VerifyCsrfToken.php(68): Illuminate\\Routing\\Pipeline->Illuminate\\Routing\\{closure}(Object(Illuminate\\Http\\Request))
#17 /var/www/html/neopaed/app/Http/Middleware/VerifyCsrfToken.php(54): Illuminate\\Foundation\\Http\\Middleware\\VerifyCsrfToken->handle(Object(Illuminate\\Http\\Request), Object(Closure))
#18 /var/www/html/neopaed/vendor/laravel/framework/src/Illuminate/Pipeline/Pipeline.php(151): App\\Http\\Middleware\\VerifyCsrfToken->handle(Object(Illuminate\\Http\\Request), Object(Closure))
#19 /var/www/html/neopaed/vendor/laravel/framework/src/Illuminate/Routing/Pipeline.php(53): Illuminate\\Pipeline\\Pipeline->Illuminate\\Pipeline\\{closure}(Object(Illuminate\\Http\\Request))
#20 /var/www/html/neopaed/vendor/laravel/framework/src/Illuminate/View/Middleware/ShareErrorsFromSession.php(49): Illuminate\\Routing\\Pipeline->Illuminate\\Routing\\{closure}(Object(Illuminate\\Http\\Request))
#21 /var/www/html/neopaed/vendor/laravel/framework/src/Illuminate/Pipeline/Pipeline.php(151): Illuminate\\View\\Middleware\\ShareErrorsFromSession->handle(Object(Illuminate\\Http\\Request), Object(Closure))
#22 /var/www/html/neopaed/vendor/laravel/framework/src/Illuminate/Routing/Pipeline.php(53): Illuminate\\Pipeline\\Pipeline->Illuminate\\Pipeline\\{closure}(Object(Illuminate\\Http\\Request))
#23 /var/www/html/neopaed/vendor/laravel/framework/src/Illuminate/Session/Middleware/StartSession.php(63): Illuminate\\Routing\\Pipeline->Illuminate\\Routing\\{closure}(Object(Illuminate\\Http\\Request))
#24 /var/www/html/neopaed/vendor/laravel/framework/src/Illuminate/Pipeline/Pipeline.php(151): Illuminate\\Session\\Middleware\\StartSession->handle(Object(Illuminate\\Http\\Request), Object(Closure))
#25 /var/www/html/neopaed/vendor/laravel/framework/src/Illuminate/Routing/Pipeline.php(53): Illuminate\\Pipeline\\Pipeline->Illuminate\\Pipeline\\{closure}(Object(Illuminate\\Http\\Request))
#26 /var/www/html/neopaed/vendor/laravel/framework/src/Illuminate/Cookie/Middleware/AddQueuedCookiesToResponse.php(37): Illuminate\\Routing\\Pipeline->Illuminate\\Routing\\{closure}(Object(Illuminate\\Http\\Request))
#27 /var/www/html/neopaed/vendor/laravel/framework/src/Illuminate/Pipeline/Pipeline.php(151): Illuminate\\Cookie\\Middleware\\AddQueuedCookiesToResponse->handle(Object(Illuminate\\Http\\Request), Object(Closure))
#28 /var/www/html/neopaed/vendor/laravel/framework/src/Illuminate/Routing/Pipeline.php(53): Illuminate\\Pipeline\\Pipeline->Illuminate\\Pipeline\\{closure}(Object(Illuminate\\Http\\Request))
#29 /var/www/html/neopaed/vendor/laravel/framework/src/Illuminate/Cookie/Middleware/EncryptCookies.php(66): Illuminate\\Routing\\Pipeline->Illuminate\\Routing\\{closure}(Object(Illuminate\\Http\\Request))
#30 /var/www/html/neopaed/vendor/laravel/framework/src/Illuminate/Pipeline/Pipeline.php(151): Illuminate\\Cookie\\Middleware\\EncryptCookies->handle(Object(Illuminate\\Http\\Request), Object(Closure))
#31 /var/www/html/neopaed/vendor/laravel/framework/src/Illuminate/Routing/Pipeline.php(53): Illuminate\\Pipeline\\Pipeline->Illuminate\\Pipeline\\{closure}(Object(Illuminate\\Http\\Request))
#32 /var/www/html/neopaed/vendor/laravel/framework/src/Illuminate/Foundation/Http/Middleware/CheckForMaintenanceMode.php(62): Illuminate\\Routing\\Pipeline->Illuminate\\Routing\\{closure}(Object(Illuminate\\Http\\Request))
#33 /var/www/html/neopaed/vendor/laravel/framework/src/Illuminate/Pipeline/Pipeline.php(151): Illuminate\\Foundation\\Http\\Middleware\\CheckForMaintenanceMode->handle(Object(Illuminate\\Http\\Request), Object(Closure))
#34 /var/www/html/neopaed/vendor/laravel/framework/src/Illuminate/Routing/Pipeline.php(53): Illuminate\\Pipeline\\Pipeline->Illuminate\\Pipeline\\{closure}(Object(Illuminate\\Http\\Request))
#35 /var/www/html/neopaed/vendor/laravel/framework/src/Illuminate/Pipeline/Pipeline.php(104): Illuminate\\Routing\\Pipeline->Illuminate\\Routing\\{closure}(Object(Illuminate\\Http\\Request))
#36 /var/www/html/neopaed/vendor/laravel/framework/src/Illuminate/Foundation/Http/Kernel.php(151): Illuminate\\Pipeline\\Pipeline->then(Object(Closure))
#37 /var/www/html/neopaed/vendor/laravel/framework/src/Illuminate/Foundation/Http/Kernel.php(116): Illuminate\\Foundation\\Http\\Kernel->sendRequestThroughRouter(Object(Illuminate\\Http\\Request))
#38 /var/www/html/neopaed/public/index.php(52): Illuminate\\Foundation\\Http\\Kernel->handle(Object(Illuminate\\Http\\Request))
#39 {main}
"} 
[2025-12-29 10:37:09] local.ERROR: Undefined index: baby {"exception":"[object] (ErrorException(code: 0): Undefined index: baby at /var/www/html/neopaed/app/Http/Controllers/TranscribtionIntegrationController.php:787)
[stacktrace]
#0 /var/www/html/neopaed/app/Http/Controllers/TranscribtionIntegrationController.php(787): Illuminate\\Foundation\\Bootstrap\\HandleExceptions->handleError(8, 'Undefined index...', '/var/www/html/n...', 787, Array)
#1 /var/www/html/neopaed/app/Http/Controllers/TranscribtionIntegrationController.php(1677): App\\Http\\Controllers\\TranscribtionIntegrationController->createUpdateBabyDetails(Array)
#2 /var/www/html/neopaed/app/Http/Controllers/TranscribtionIntegrationController.php(1653): App\\Http\\Controllers\\TranscribtionIntegrationController->createUpdateNicuAdmission(Array)
#3 [internal function]: App\\Http\\Controllers\\TranscribtionIntegrationController->storeTranscribedNicuAdmissionData(Object(Illuminate\\Http\\Request))
#4 /var/www/html/neopaed/vendor/laravel/framework/src/Illuminate/Routing/Controller.php(54): call_user_func_array(Array, Array)
#5 /var/www/html/neopaed/vendor/laravel/framework/src/Illuminate/Routing/ControllerDispatcher.php(45): Illuminate\\Routing\\Controller->callAction('storeTranscribe...', Array)
#6 /var/www/html/neopaed/vendor/laravel/framework/src/Illuminate/Routing/Route.php(212): Illuminate\\Routing\\ControllerDispatcher->dispatch(Object(Illuminate\\Routing\\Route), Object(App\\Http\\Controllers\\TranscribtionIntegrationController), 'storeTranscribe...')
#7 /var/www/html/neopaed/vendor/laravel/framework/src/Illuminate/Routing/Route.php(169): Illuminate\\Routing\\Route->runController()
#8 /var/www/html/neopaed/vendor/laravel/framework/src/Illuminate/Routing/Router.php(665): Illuminate\\Routing\\Route->run()
#9 /var/www/html/neopaed/vendor/laravel/framework/src/Illuminate/Routing/Pipeline.php(30): Illuminate\\Routing\\Router->Illuminate\\Routing\\{closure}(Object(Illuminate\\Http\\Request))
#10 /var/www/html/neopaed/vendor/laravel/framework/src/Illuminate/Pipeline/Pipeline.php(104): Illuminate\\Routing\\Pipeline->Illuminate\\Routing\\{closure}(Object(Illuminate\\Http\\Request))
#11 /var/www/html/neopaed/vendor/laravel/framework/src/Illuminate/Routing/Router.php(667): Illuminate\\Pipeline\\Pipeline->then(Object(Closure))
#12 /var/www/html/neopaed/vendor/laravel/framework/src/Illuminate/Routing/Router.php(642): Illuminate\\Routing\\Router->runRouteWithinStack(Object(Illuminate\\Routing\\Route), Object(Illuminate\\Http\\Request))
#13 /var/www/html/neopaed/vendor/laravel/framework/src/Illuminate/Routing/Router.php(608): Illuminate\\Routing\\Router->runRoute(Object(Illuminate\\Http\\Request), Object(Illuminate\\Routing\\Route))
#14 /var/www/html/neopaed/vendor/laravel/framework/src/Illuminate/Routing/Router.php(597): Illuminate\\Routing\\Router->dispatchToRoute(Object(Illuminate\\Http\\Request))
#15 /var/www/html/neopaed/vendor/laravel/framework/src/Illuminate/Foundation/Http/Kernel.php(176): Illuminate\\Routing\\Router->dispatch(Object(Illuminate\\Http\\Request))
#16 /var/www/html/neopaed/vendor/laravel/framework/src/Illuminate/Routing/Pipeline.php(30): Illuminate\\Foundation\\Http\\Kernel->Illuminate\\Foundation\\Http\\{closure}(Object(Illuminate\\Http\\Request))
#17 /var/www/html/neopaed/vendor/laravel/framework/src/Illuminate/Foundation/Http/Middleware/VerifyCsrfToken.php(68): Illuminate\\Routing\\Pipeline->Illuminate\\Routing\\{closure}(Object(Illuminate\\Http\\Request))
#18 /var/www/html/neopaed/app/Http/Middleware/VerifyCsrfToken.php(54): Illuminate\\Foundation\\Http\\Middleware\\VerifyCsrfToken->handle(Object(Illuminate\\Http\\Request), Object(Closure))
#19 /var/www/html/neopaed/vendor/laravel/framework/src/Illuminate/Pipeline/Pipeline.php(151): App\\Http\\Middleware\\VerifyCsrfToken->handle(Object(Illuminate\\Http\\Request), Object(Closure))
#20 /var/www/html/neopaed/vendor/laravel/framework/src/Illuminate/Routing/Pipeline.php(53): Illuminate\\Pipeline\\Pipeline->Illuminate\\Pipeline\\{closure}(Object(Illuminate\\Http\\Request))
#21 /var/www/html/neopaed/vendor/laravel/framework/src/Illuminate/View/Middleware/ShareErrorsFromSession.php(49): Illuminate\\Routing\\Pipeline->Illuminate\\Routing\\{closure}(Object(Illuminate\\Http\\Request))
#22 /var/www/html/neopaed/vendor/laravel/framework/src/Illuminate/Pipeline/Pipeline.php(151): Illuminate\\View\\Middleware\\ShareErrorsFromSession->handle(Object(Illuminate\\Http\\Request), Object(Closure))
#23 /var/www/html/neopaed/vendor/laravel/framework/src/Illuminate/Routing/Pipeline.php(53): Illuminate\\Pipeline\\Pipeline->Illuminate\\Pipeline\\{closure}(Object(Illuminate\\Http\\Request))
#24 /var/www/html/neopaed/vendor/laravel/framework/src/Illuminate/Session/Middleware/StartSession.php(63): Illuminate\\Routing\\Pipeline->Illuminate\\Routing\\{closure}(Object(Illuminate\\Http\\Request))
#25 /var/www/html/neopaed/vendor/laravel/framework/src/Illuminate/Pipeline/Pipeline.php(151): Illuminate\\Session\\Middleware\\StartSession->handle(Object(Illuminate\\Http\\Request), Object(Closure))
#26 /var/www/html/neopaed/vendor/laravel/framework/src/Illuminate/Routing/Pipeline.php(53): Illuminate\\Pipeline\\Pipeline->Illuminate\\Pipeline\\{closure}(Object(Illuminate\\Http\\Request))
#27 /var/www/html/neopaed/vendor/laravel/framework/src/Illuminate/Cookie/Middleware/AddQueuedCookiesToResponse.php(37): Illuminate\\Routing\\Pipeline->Illuminate\\Routing\\{closure}(Object(Illuminate\\Http\\Request))
#28 /var/www/html/neopaed/vendor/laravel/framework/src/Illuminate/Pipeline/Pipeline.php(151): Illuminate\\Cookie\\Middleware\\AddQueuedCookiesToResponse->handle(Object(Illuminate\\Http\\Request), Object(Closure))
#29 /var/www/html/neopaed/vendor/laravel/framework/src/Illuminate/Routing/Pipeline.php(53): Illuminate\\Pipeline\\Pipeline->Illuminate\\Pipeline\\{closure}(Object(Illuminate\\Http\\Request))
#30 /var/www/html/neopaed/vendor/laravel/framework/src/Illuminate/Cookie/Middleware/EncryptCookies.php(66): Illuminate\\Routing\\Pipeline->Illuminate\\Routing\\{closure}(Object(Illuminate\\Http\\Request))
#31 /var/www/html/neopaed/vendor/laravel/framework/src/Illuminate/Pipeline/Pipeline.php(151): Illuminate\\Cookie\\Middleware\\EncryptCookies->handle(Object(Illuminate\\Http\\Request), Object(Closure))
#32 /var/www/html/neopaed/vendor/laravel/framework/src/Illuminate/Routing/Pipeline.php(53): Illuminate\\Pipeline\\Pipeline->Illuminate\\Pipeline\\{closure}(Object(Illuminate\\Http\\Request))
#33 /var/www/html/neopaed/vendor/laravel/framework/src/Illuminate/Foundation/Http/Middleware/CheckForMaintenanceMode.php(62): Illuminate\\Routing\\Pipeline->Illuminate\\Routing\\{closure}(Object(Illuminate\\Http\\Request))
#34 /var/www/html/neopaed/vendor/laravel/framework/src/Illuminate/Pipeline/Pipeline.php(151): Illuminate\\Foundation\\Http\\Middleware\\CheckForMaintenanceMode->handle(Object(Illuminate\\Http\\Request), Object(Closure))
#35 /var/www/html/neopaed/vendor/laravel/framework/src/Illuminate/Routing/Pipeline.php(53): Illuminate\\Pipeline\\Pipeline->Illuminate\\Pipeline\\{closure}(Object(Illuminate\\Http\\Request))
#36 /var/www/html/neopaed/vendor/laravel/framework/src/Illuminate/Pipeline/Pipeline.php(104): Illuminate\\Routing\\Pipeline->Illuminate\\Routing\\{closure}(Object(Illuminate\\Http\\Request))
#37 /var/www/html/neopaed/vendor/laravel/framework/src/Illuminate/Foundation/Http/Kernel.php(151): Illuminate\\Pipeline\\Pipeline->then(Object(Closure))
#38 /var/www/html/neopaed/vendor/laravel/framework/src/Illuminate/Foundation/Http/Kernel.php(116): Illuminate\\Foundation\\Http\\Kernel->sendRequestThroughRouter(Object(Illuminate\\Http\\Request))
#39 /var/www/html/neopaed/public/index.php(52): Illuminate\\Foundation\\Http\\Kernel->handle(Object(Illuminate\\Http\\Request))
#40 {main}
"} 
[2025-12-29 10:37:09] local.ERROR: Undefined index: mother {"exception":"[object] (ErrorException(code: 0): Undefined index: mother at /var/www/html/neopaed/app/Http/Controllers/TranscribtionIntegrationController.php:788)
[stacktrace]
#0 /var/www/html/neopaed/app/Http/Controllers/TranscribtionIntegrationController.php(788): Illuminate\\Foundation\\Bootstrap\\HandleExceptions->handleError(8, 'Undefined index...', '/var/www/html/n...', 788, Array)
#1 /var/www/html/neopaed/app/Http/Controllers/TranscribtionIntegrationController.php(911): App\\Http\\Controllers\\TranscribtionIntegrationController->createUpdateBabyDetails(Array)
#2 [internal function]: App\\Http\\Controllers\\TranscribtionIntegrationController->storeTranscribedOpNeonatalData(Object(Illuminate\\Http\\Request))
#3 /var/www/html/neopaed/vendor/laravel/framework/src/Illuminate/Routing/Controller.php(54): call_user_func_array(Array, Array)
#4 /var/www/html/neopaed/vendor/laravel/framework/src/Illuminate/Routing/ControllerDispatcher.php(45): Illuminate\\Routing\\Controller->callAction('storeTranscribe...', Array)
#5 /var/www/html/neopaed/vendor/laravel/framework/src/Illuminate/Routing/Route.php(212): Illuminate\\Routing\\ControllerDispatcher->dispatch(Object(Illuminate\\Routing\\Route), Object(App\\Http\\Controllers\\TranscribtionIntegrationController), 'storeTranscribe...')
#6 /var/www/html/neopaed/vendor/laravel/framework/src/Illuminate/Routing/Route.php(169): Illuminate\\Routing\\Route->runController()
#7 /var/www/html/neopaed/vendor/laravel/framework/src/Illuminate/Routing/Router.php(665): Illuminate\\Routing\\Route->run()
#8 /var/www/html/neopaed/vendor/laravel/framework/src/Illuminate/Routing/Pipeline.php(30): Illuminate\\Routing\\Router->Illuminate\\Routing\\{closure}(Object(Illuminate\\Http\\Request))
#9 /var/www/html/neopaed/vendor/laravel/framework/src/Illuminate/Pipeline/Pipeline.php(104): Illuminate\\Routing\\Pipeline->Illuminate\\Routing\\{closure}(Object(Illuminate\\Http\\Request))
#10 /var/www/html/neopaed/vendor/laravel/framework/src/Illuminate/Routing/Router.php(667): Illuminate\\Pipeline\\Pipeline->then(Object(Closure))
#11 /var/www/html/neopaed/vendor/laravel/framework/src/Illuminate/Routing/Router.php(642): Illuminate\\Routing\\Router->runRouteWithinStack(Object(Illuminate\\Routing\\Route), Object(Illuminate\\Http\\Request))
#12 /var/www/html/neopaed/vendor/laravel/framework/src/Illuminate/Routing/Router.php(608): Illuminate\\Routing\\Router->runRoute(Object(Illuminate\\Http\\Request), Object(Illuminate\\Routing\\Route))
#13 /var/www/html/neopaed/vendor/laravel/framework/src/Illuminate/Routing/Router.php(597): Illuminate\\Routing\\Router->dispatchToRoute(Object(Illuminate\\Http\\Request))
#14 /var/www/html/neopaed/vendor/laravel/framework/src/Illuminate/Foundation/Http/Kernel.php(176): Illuminate\\Routing\\Router->dispatch(Object(Illuminate\\Http\\Request))
#15 /var/www/html/neopaed/vendor/laravel/framework/src/Illuminate/Routing/Pipeline.php(30): Illuminate\\Foundation\\Http\\Kernel->Illuminate\\Foundation\\Http\\{closure}(Object(Illuminate\\Http\\Request))
#16 /var/www/html/neopaed/vendor/laravel/framework/src/Illuminate/Foundation/Http/Middleware/VerifyCsrfToken.php(68): Illuminate\\Routing\\Pipeline->Illuminate\\Routing\\{closure}(Object(Illuminate\\Http\\Request))
#17 /var/www/html/neopaed/app/Http/Middleware/VerifyCsrfToken.php(54): Illuminate\\Foundation\\Http\\Middleware\\VerifyCsrfToken->handle(Object(Illuminate\\Http\\Request), Object(Closure))
#18 /var/www/html/neopaed/vendor/laravel/framework/src/Illuminate/Pipeline/Pipeline.php(151): App\\Http\\Middleware\\VerifyCsrfToken->handle(Object(Illuminate\\Http\\Request), Object(Closure))
#19 /var/www/html/neopaed/vendor/laravel/framework/src/Illuminate/Routing/Pipeline.php(53): Illuminate\\Pipeline\\Pipeline->Illuminate\\Pipeline\\{closure}(Object(Illuminate\\Http\\Request))
#20 /var/www/html/neopaed/vendor/laravel/framework/src/Illuminate/View/Middleware/ShareErrorsFromSession.php(49): Illuminate\\Routing\\Pipeline->Illuminate\\Routing\\{closure}(Object(Illuminate\\Http\\Request))
#21 /var/www/html/neopaed/vendor/laravel/framework/src/Illuminate/Pipeline/Pipeline.php(151): Illuminate\\View\\Middleware\\ShareErrorsFromSession->handle(Object(Illuminate\\Http\\Request), Object(Closure))
#22 /var/www/html/neopaed/vendor/laravel/framework/src/Illuminate/Routing/Pipeline.php(53): Illuminate\\Pipeline\\Pipeline->Illuminate\\Pipeline\\{closure}(Object(Illuminate\\Http\\Request))
#23 /var/www/html/neopaed/vendor/laravel/framework/src/Illuminate/Session/Middleware/StartSession.php(63): Illuminate\\Routing\\Pipeline->Illuminate\\Routing\\{closure}(Object(Illuminate\\Http\\Request))
#24 /var/www/html/neopaed/vendor/laravel/framework/src/Illuminate/Pipeline/Pipeline.php(151): Illuminate\\Session\\Middleware\\StartSession->handle(Object(Illuminate\\Http\\Request), Object(Closure))
#25 /var/www/html/neopaed/vendor/laravel/framework/src/Illuminate/Routing/Pipeline.php(53): Illuminate\\Pipeline\\Pipeline->Illuminate\\Pipeline\\{closure}(Object(Illuminate\\Http\\Request))
#26 /var/www/html/neopaed/vendor/laravel/framework/src/Illuminate/Cookie/Middleware/AddQueuedCookiesToResponse.php(37): Illuminate\\Routing\\Pipeline->Illuminate\\Routing\\{closure}(Object(Illuminate\\Http\\Request))
#27 /var/www/html/neopaed/vendor/laravel/framework/src/Illuminate/Pipeline/Pipeline.php(151): Illuminate\\Cookie\\Middleware\\AddQueuedCookiesToResponse->handle(Object(Illuminate\\Http\\Request), Object(Closure))
#28 /var/www/html/neopaed/vendor/laravel/framework/src/Illuminate/Routing/Pipeline.php(53): Illuminate\\Pipeline\\Pipeline->Illuminate\\Pipeline\\{closure}(Object(Illuminate\\Http\\Request))
#29 /var/www/html/neopaed/vendor/laravel/framework/src/Illuminate/Cookie/Middleware/EncryptCookies.php(66): Illuminate\\Routing\\Pipeline->Illuminate\\Routing\\{closure}(Object(Illuminate\\Http\\Request))
#30 /var/www/html/neopaed/vendor/laravel/framework/src/Illuminate/Pipeline/Pipeline.php(151): Illuminate\\Cookie\\Middleware\\EncryptCookies->handle(Object(Illuminate\\Http\\Request), Object(Closure))
#31 /var/www/html/neopaed/vendor/laravel/framework/src/Illuminate/Routing/Pipeline.php(53): Illuminate\\Pipeline\\Pipeline->Illuminate\\Pipeline\\{closure}(Object(Illuminate\\Http\\Request))
#32 /var/www/html/neopaed/vendor/laravel/framework/src/Illuminate/Foundation/Http/Middleware/CheckForMaintenanceMode.php(62): Illuminate\\Routing\\Pipeline->Illuminate\\Routing\\{closure}(Object(Illuminate\\Http\\Request))
#33 /var/www/html/neopaed/vendor/laravel/framework/src/Illuminate/Pipeline/Pipeline.php(151): Illuminate\\Foundation\\Http\\Middleware\\CheckForMaintenanceMode->handle(Object(Illuminate\\Http\\Request), Object(Closure))
#34 /var/www/html/neopaed/vendor/laravel/framework/src/Illuminate/Routing/Pipeline.php(53): Illuminate\\Pipeline\\Pipeline->Illuminate\\Pipeline\\{closure}(Object(Illuminate\\Http\\Request))
#35 /var/www/html/neopaed/vendor/laravel/framework/src/Illuminate/Pipeline/Pipeline.php(104): Illuminate\\Routing\\Pipeline->Illuminate\\Routing\\{closure}(Object(Illuminate\\Http\\Request))
#36 /var/www/html/neopaed/vendor/laravel/framework/src/Illuminate/Foundation/Http/Kernel.php(151): Illuminate\\Pipeline\\Pipeline->then(Object(Closure))
#37 /var/www/html/neopaed/vendor/laravel/framework/src/Illuminate/Foundation/Http/Kernel.php(116): Illuminate\\Foundation\\Http\\Kernel->sendRequestThroughRouter(Object(Illuminate\\Http\\Request))
#38 /var/www/html/neopaed/public/index.php(52): Illuminate\\Foundation\\Http\\Kernel->handle(Object(Illuminate\\Http\\Request))
#39 {main}
"} 
[2025-12-29 10:40:31] local.ERROR: Undefined index: questions {"exception":"[object] (ErrorException(code: 0): Undefined index: questions at /var/www/html/neopaed/app/Http/Controllers/TranscribtionIntegrationController.php:230)
[stacktrace]
#0 /var/www/html/neopaed/app/Http/Controllers/TranscribtionIntegrationController.php(230): Illuminate\\Foundation\\Bootstrap\\HandleExceptions->handleError(8, 'Undefined index...', '/var/www/html/n...', 230, Array)
#1 [internal function]: App\\Http\\Controllers\\TranscribtionIntegrationController->storeTranscribedDaycareData(Object(Illuminate\\Http\\Request))
#2 /var/www/html/neopaed/vendor/laravel/framework/src/Illuminate/Routing/Controller.php(54): call_user_func_array(Array, Array)
#3 /var/www/html/neopaed/vendor/laravel/framework/src/Illuminate/Routing/ControllerDispatcher.php(45): Illuminate\\Routing\\Controller->callAction('storeTranscribe...', Array)
#4 /var/www/html/neopaed/vendor/laravel/framework/src/Illuminate/Routing/Route.php(212): Illuminate\\Routing\\ControllerDispatcher->dispatch(Object(Illuminate\\Routing\\Route), Object(App\\Http\\Controllers\\TranscribtionIntegrationController), 'storeTranscribe...')
#5 /var/www/html/neopaed/vendor/laravel/framework/src/Illuminate/Routing/Route.php(169): Illuminate\\Routing\\Route->runController()
#6 /var/www/html/neopaed/vendor/laravel/framework/src/Illuminate/Routing/Router.php(665): Illuminate\\Routing\\Route->run()
#7 /var/www/html/neopaed/vendor/laravel/framework/src/Illuminate/Routing/Pipeline.php(30): Illuminate\\Routing\\Router->Illuminate\\Routing\\{closure}(Object(Illuminate\\Http\\Request))
#8 /var/www/html/neopaed/vendor/laravel/framework/src/Illuminate/Pipeline/Pipeline.php(104): Illuminate\\Routing\\Pipeline->Illuminate\\Routing\\{closure}(Object(Illuminate\\Http\\Request))
#9 /var/www/html/neopaed/vendor/laravel/framework/src/Illuminate/Routing/Router.php(667): Illuminate\\Pipeline\\Pipeline->then(Object(Closure))
#10 /var/www/html/neopaed/vendor/laravel/framework/src/Illuminate/Routing/Router.php(642): Illuminate\\Routing\\Router->runRouteWithinStack(Object(Illuminate\\Routing\\Route), Object(Illuminate\\Http\\Request))
#11 /var/www/html/neopaed/vendor/laravel/framework/src/Illuminate/Routing/Router.php(608): Illuminate\\Routing\\Router->runRoute(Object(Illuminate\\Http\\Request), Object(Illuminate\\Routing\\Route))
#12 /var/www/html/neopaed/vendor/laravel/framework/src/Illuminate/Routing/Router.php(597): Illuminate\\Routing\\Router->dispatchToRoute(Object(Illuminate\\Http\\Request))
#13 /var/www/html/neopaed/vendor/laravel/framework/src/Illuminate/Foundation/Http/Kernel.php(176): Illuminate\\Routing\\Router->dispatch(Object(Illuminate\\Http\\Request))
#14 /var/www/html/neopaed/vendor/laravel/framework/src/Illuminate/Routing/Pipeline.php(30): Illuminate\\Foundation\\Http\\Kernel->Illuminate\\Foundation\\Http\\{closure}(Object(Illuminate\\Http\\Request))
#15 /var/www/html/neopaed/vendor/laravel/framework/src/Illuminate/Foundation/Http/Middleware/VerifyCsrfToken.php(68): Illuminate\\Routing\\Pipeline->Illuminate\\Routing\\{closure}(Object(Illuminate\\Http\\Request))
#16 /var/www/html/neopaed/app/Http/Middleware/VerifyCsrfToken.php(54): Illuminate\\Foundation\\Http\\Middleware\\VerifyCsrfToken->handle(Object(Illuminate\\Http\\Request), Object(Closure))
#17 /var/www/html/neopaed/vendor/laravel/framework/src/Illuminate/Pipeline/Pipeline.php(151): App\\Http\\Middleware\\VerifyCsrfToken->handle(Object(Illuminate\\Http\\Request), Object(Closure))
#18 /var/www/html/neopaed/vendor/laravel/framework/src/Illuminate/Routing/Pipeline.php(53): Illuminate\\Pipeline\\Pipeline->Illuminate\\Pipeline\\{closure}(Object(Illuminate\\Http\\Request))
#19 /var/www/html/neopaed/vendor/laravel/framework/src/Illuminate/View/Middleware/ShareErrorsFromSession.php(49): Illuminate\\Routing\\Pipeline->Illuminate\\Routing\\{closure}(Object(Illuminate\\Http\\Request))
#20 /var/www/html/neopaed/vendor/laravel/framework/src/Illuminate/Pipeline/Pipeline.php(151): Illuminate\\View\\Middleware\\ShareErrorsFromSession->handle(Object(Illuminate\\Http\\Request), Object(Closure))
#21 /var/www/html/neopaed/vendor/laravel/framework/src/Illuminate/Routing/Pipeline.php(53): Illuminate\\Pipeline\\Pipeline->Illuminate\\Pipeline\\{closure}(Object(Illuminate\\Http\\Request))
#22 /var/www/html/neopaed/vendor/laravel/framework/src/Illuminate/Session/Middleware/StartSession.php(63): Illuminate\\Routing\\Pipeline->Illuminate\\Routing\\{closure}(Object(Illuminate\\Http\\Request))
#23 /var/www/html/neopaed/vendor/laravel/framework/src/Illuminate/Pipeline/Pipeline.php(151): Illuminate\\Session\\Middleware\\StartSession->handle(Object(Illuminate\\Http\\Request), Object(Closure))
#24 /var/www/html/neopaed/vendor/laravel/framework/src/Illuminate/Routing/Pipeline.php(53): Illuminate\\Pipeline\\Pipeline->Illuminate\\Pipeline\\{closure}(Object(Illuminate\\Http\\Request))
#25 /var/www/html/neopaed/vendor/laravel/framework/src/Illuminate/Cookie/Middleware/AddQueuedCookiesToResponse.php(37): Illuminate\\Routing\\Pipeline->Illuminate\\Routing\\{closure}(Object(Illuminate\\Http\\Request))
#26 /var/www/html/neopaed/vendor/laravel/framework/src/Illuminate/Pipeline/Pipeline.php(151): Illuminate\\Cookie\\Middleware\\AddQueuedCookiesToResponse->handle(Object(Illuminate\\Http\\Request), Object(Closure))
#27 /var/www/html/neopaed/vendor/laravel/framework/src/Illuminate/Routing/Pipeline.php(53): Illuminate\\Pipeline\\Pipeline->Illuminate\\Pipeline\\{closure}(Object(Illuminate\\Http\\Request))
#28 /var/www/html/neopaed/vendor/laravel/framework/src/Illuminate/Cookie/Middleware/EncryptCookies.php(66): Illuminate\\Routing\\Pipeline->Illuminate\\Routing\\{closure}(Object(Illuminate\\Http\\Request))
#29 /var/www/html/neopaed/vendor/laravel/framework/src/Illuminate/Pipeline/Pipeline.php(151): Illuminate\\Cookie\\Middleware\\EncryptCookies->handle(Object(Illuminate\\Http\\Request), Object(Closure))
#30 /var/www/html/neopaed/vendor/laravel/framework/src/Illuminate/Routing/Pipeline.php(53): Illuminate\\Pipeline\\Pipeline->Illuminate\\Pipeline\\{closure}(Object(Illuminate\\Http\\Request))
#31 /var/www/html/neopaed/vendor/laravel/framework/src/Illuminate/Foundation/Http/Middleware/CheckForMaintenanceMode.php(62): Illuminate\\Routing\\Pipeline->Illuminate\\Routing\\{closure}(Object(Illuminate\\Http\\Request))
#32 /var/www/html/neopaed/vendor/laravel/framework/src/Illuminate/Pipeline/Pipeline.php(151): Illuminate\\Foundation\\Http\\Middleware\\CheckForMaintenanceMode->handle(Object(Illuminate\\Http\\Request), Object(Closure))
#33 /var/www/html/neopaed/vendor/laravel/framework/src/Illuminate/Routing/Pipeline.php(53): Illuminate\\Pipeline\\Pipeline->Illuminate\\Pipeline\\{closure}(Object(Illuminate\\Http\\Request))
#34 /var/www/html/neopaed/vendor/laravel/framework/src/Illuminate/Pipeline/Pipeline.php(104): Illuminate\\Routing\\Pipeline->Illuminate\\Routing\\{closure}(Object(Illuminate\\Http\\Request))
#35 /var/www/html/neopaed/vendor/laravel/framework/src/Illuminate/Foundation/Http/Kernel.php(151): Illuminate\\Pipeline\\Pipeline->then(Object(Closure))
#36 /var/www/html/neopaed/vendor/laravel/framework/src/Illuminate/Foundation/Http/Kernel.php(116): Illuminate\\Foundation\\Http\\Kernel->sendRequestThroughRouter(Object(Illuminate\\Http\\Request))
#37 /var/www/html/neopaed/public/index.php(52): Illuminate\\Foundation\\Http\\Kernel->handle(Object(Illuminate\\Http\\Request))
#38 {main}
"} 
[2025-12-29 17:43:56] local.ERROR: Undefined index: mother {"exception":"[object] (ErrorException(code: 0): Undefined index: mother at /var/www/html/neopaed/app/Http/Controllers/TranscribtionIntegrationController.php:797)
[stacktrace]
#0 /var/www/html/neopaed/app/Http/Controllers/TranscribtionIntegrationController.php(797): Illuminate\\Foundation\\Bootstrap\\HandleExceptions->handleError(8, 'Undefined index...', '/var/www/html/n...', 797, Array)
#1 /var/www/html/neopaed/app/Http/Controllers/TranscribtionIntegrationController.php(291): App\\Http\\Controllers\\TranscribtionIntegrationController->createUpdateBabyDetails(Array)
#2 [internal function]: App\\Http\\Controllers\\TranscribtionIntegrationController->storeTranscribedNeonatalProformaData(Object(Illuminate\\Http\\Request))
#3 /var/www/html/neopaed/vendor/laravel/framework/src/Illuminate/Routing/Controller.php(54): call_user_func_array(Array, Array)
#4 /var/www/html/neopaed/vendor/laravel/framework/src/Illuminate/Routing/ControllerDispatcher.php(45): Illuminate\\Routing\\Controller->callAction('storeTranscribe...', Array)
#5 /var/www/html/neopaed/vendor/laravel/framework/src/Illuminate/Routing/Route.php(212): Illuminate\\Routing\\ControllerDispatcher->dispatch(Object(Illuminate\\Routing\\Route), Object(App\\Http\\Controllers\\TranscribtionIntegrationController), 'storeTranscribe...')
#6 /var/www/html/neopaed/vendor/laravel/framework/src/Illuminate/Routing/Route.php(169): Illuminate\\Routing\\Route->runController()
#7 /var/www/html/neopaed/vendor/laravel/framework/src/Illuminate/Routing/Router.php(665): Illuminate\\Routing\\Route->run()
#8 /var/www/html/neopaed/vendor/laravel/framework/src/Illuminate/Routing/Pipeline.php(30): Illuminate\\Routing\\Router->Illuminate\\Routing\\{closure}(Object(Illuminate\\Http\\Request))
#9 /var/www/html/neopaed/vendor/laravel/framework/src/Illuminate/Pipeline/Pipeline.php(104): Illuminate\\Routing\\Pipeline->Illuminate\\Routing\\{closure}(Object(Illuminate\\Http\\Request))
#10 /var/www/html/neopaed/vendor/laravel/framework/src/Illuminate/Routing/Router.php(667): Illuminate\\Pipeline\\Pipeline->then(Object(Closure))
#11 /var/www/html/neopaed/vendor/laravel/framework/src/Illuminate/Routing/Router.php(642): Illuminate\\Routing\\Router->runRouteWithinStack(Object(Illuminate\\Routing\\Route), Object(Illuminate\\Http\\Request))
#12 /var/www/html/neopaed/vendor/laravel/framework/src/Illuminate/Routing/Router.php(608): Illuminate\\Routing\\Router->runRoute(Object(Illuminate\\Http\\Request), Object(Illuminate\\Routing\\Route))
#13 /var/www/html/neopaed/vendor/laravel/framework/src/Illuminate/Routing/Router.php(597): Illuminate\\Routing\\Router->dispatchToRoute(Object(Illuminate\\Http\\Request))
#14 /var/www/html/neopaed/vendor/laravel/framework/src/Illuminate/Foundation/Http/Kernel.php(176): Illuminate\\Routing\\Router->dispatch(Object(Illuminate\\Http\\Request))
#15 /var/www/html/neopaed/vendor/laravel/framework/src/Illuminate/Routing/Pipeline.php(30): Illuminate\\Foundation\\Http\\Kernel->Illuminate\\Foundation\\Http\\{closure}(Object(Illuminate\\Http\\Request))
#16 /var/www/html/neopaed/vendor/laravel/framework/src/Illuminate/Foundation/Http/Middleware/VerifyCsrfToken.php(68): Illuminate\\Routing\\Pipeline->Illuminate\\Routing\\{closure}(Object(Illuminate\\Http\\Request))
#17 /var/www/html/neopaed/app/Http/Middleware/VerifyCsrfToken.php(54): Illuminate\\Foundation\\Http\\Middleware\\VerifyCsrfToken->handle(Object(Illuminate\\Http\\Request), Object(Closure))
#18 /var/www/html/neopaed/vendor/laravel/framework/src/Illuminate/Pipeline/Pipeline.php(151): App\\Http\\Middleware\\VerifyCsrfToken->handle(Object(Illuminate\\Http\\Request), Object(Closure))
#19 /var/www/html/neopaed/vendor/laravel/framework/src/Illuminate/Routing/Pipeline.php(53): Illuminate\\Pipeline\\Pipeline->Illuminate\\Pipeline\\{closure}(Object(Illuminate\\Http\\Request))
#20 /var/www/html/neopaed/vendor/laravel/framework/src/Illuminate/View/Middleware/ShareErrorsFromSession.php(49): Illuminate\\Routing\\Pipeline->Illuminate\\Routing\\{closure}(Object(Illuminate\\Http\\Request))
#21 /var/www/html/neopaed/vendor/laravel/framework/src/Illuminate/Pipeline/Pipeline.php(151): Illuminate\\View\\Middleware\\ShareErrorsFromSession->handle(Object(Illuminate\\Http\\Request), Object(Closure))
#22 /var/www/html/neopaed/vendor/laravel/framework/src/Illuminate/Routing/Pipeline.php(53): Illuminate\\Pipeline\\Pipeline->Illuminate\\Pipeline\\{closure}(Object(Illuminate\\Http\\Request))
#23 /var/www/html/neopaed/vendor/laravel/framework/src/Illuminate/Session/Middleware/StartSession.php(63): Illuminate\\Routing\\Pipeline->Illuminate\\Routing\\{closure}(Object(Illuminate\\Http\\Request))
#24 /var/www/html/neopaed/vendor/laravel/framework/src/Illuminate/Pipeline/Pipeline.php(151): Illuminate\\Session\\Middleware\\StartSession->handle(Object(Illuminate\\Http\\Request), Object(Closure))
#25 /var/www/html/neopaed/vendor/laravel/framework/src/Illuminate/Routing/Pipeline.php(53): Illuminate\\Pipeline\\Pipeline->Illuminate\\Pipeline\\{closure}(Object(Illuminate\\Http\\Request))
#26 /var/www/html/neopaed/vendor/laravel/framework/src/Illuminate/Cookie/Middleware/AddQueuedCookiesToResponse.php(37): Illuminate\\Routing\\Pipeline->Illuminate\\Routing\\{closure}(Object(Illuminate\\Http\\Request))
#27 /var/www/html/neopaed/vendor/laravel/framework/src/Illuminate/Pipeline/Pipeline.php(151): Illuminate\\Cookie\\Middleware\\AddQueuedCookiesToResponse->handle(Object(Illuminate\\Http\\Request), Object(Closure))
#28 /var/www/html/neopaed/vendor/laravel/framework/src/Illuminate/Routing/Pipeline.php(53): Illuminate\\Pipeline\\Pipeline->Illuminate\\Pipeline\\{closure}(Object(Illuminate\\Http\\Request))
#29 /var/www/html/neopaed/vendor/laravel/framework/src/Illuminate/Cookie/Middleware/EncryptCookies.php(66): Illuminate\\Routing\\Pipeline->Illuminate\\Routing\\{closure}(Object(Illuminate\\Http\\Request))
#30 /var/www/html/neopaed/vendor/laravel/framework/src/Illuminate/Pipeline/Pipeline.php(151): Illuminate\\Cookie\\Middleware\\EncryptCookies->handle(Object(Illuminate\\Http\\Request), Object(Closure))
#31 /var/www/html/neopaed/vendor/laravel/framework/src/Illuminate/Routing/Pipeline.php(53): Illuminate\\Pipeline\\Pipeline->Illuminate\\Pipeline\\{closure}(Object(Illuminate\\Http\\Request))
#32 /var/www/html/neopaed/vendor/laravel/framework/src/Illuminate/Foundation/Http/Middleware/CheckForMaintenanceMode.php(62): Illuminate\\Routing\\Pipeline->Illuminate\\Routing\\{closure}(Object(Illuminate\\Http\\Request))
#33 /var/www/html/neopaed/vendor/laravel/framework/src/Illuminate/Pipeline/Pipeline.php(151): Illuminate\\Foundation\\Http\\Middleware\\CheckForMaintenanceMode->handle(Object(Illuminate\\Http\\Request), Object(Closure))
#34 /var/www/html/neopaed/vendor/laravel/framework/src/Illuminate/Routing/Pipeline.php(53): Illuminate\\Pipeline\\Pipeline->Illuminate\\Pipeline\\{closure}(Object(Illuminate\\Http\\Request))
#35 /var/www/html/neopaed/vendor/laravel/framework/src/Illuminate/Pipeline/Pipeline.php(104): Illuminate\\Routing\\Pipeline->Illuminate\\Routing\\{closure}(Object(Illuminate\\Http\\Request))
#36 /var/www/html/neopaed/vendor/laravel/framework/src/Illuminate/Foundation/Http/Kernel.php(151): Illuminate\\Pipeline\\Pipeline->then(Object(Closure))
#37 /var/www/html/neopaed/vendor/laravel/framework/src/Illuminate/Foundation/Http/Kernel.php(116): Illuminate\\Foundation\\Http\\Kernel->sendRequestThroughRouter(Object(Illuminate\\Http\\Request))
#38 /var/www/html/neopaed/public/index.php(52): Illuminate\\Foundation\\Http\\Kernel->handle(Object(Illuminate\\Http\\Request))
#39 {main}
"} 
[2025-12-29 17:43:56] local.ERROR: Undefined index: baby {"exception":"[object] (ErrorException(code: 0): Undefined index: baby at /var/www/html/neopaed/app/Http/Controllers/TranscribtionIntegrationController.php:796)
[stacktrace]
#0 /var/www/html/neopaed/app/Http/Controllers/TranscribtionIntegrationController.php(796): Illuminate\\Foundation\\Bootstrap\\HandleExceptions->handleError(8, 'Undefined index...', '/var/www/html/n...', 796, Array)
#1 /var/www/html/neopaed/app/Http/Controllers/TranscribtionIntegrationController.php(1686): App\\Http\\Controllers\\TranscribtionIntegrationController->createUpdateBabyDetails(Array)
#2 /var/www/html/neopaed/app/Http/Controllers/TranscribtionIntegrationController.php(1662): App\\Http\\Controllers\\TranscribtionIntegrationController->createUpdateNicuAdmission(Array)
#3 [internal function]: App\\Http\\Controllers\\TranscribtionIntegrationController->storeTranscribedNicuAdmissionData(Object(Illuminate\\Http\\Request))
#4 /var/www/html/neopaed/vendor/laravel/framework/src/Illuminate/Routing/Controller.php(54): call_user_func_array(Array, Array)
#5 /var/www/html/neopaed/vendor/laravel/framework/src/Illuminate/Routing/ControllerDispatcher.php(45): Illuminate\\Routing\\Controller->callAction('storeTranscribe...', Array)
#6 /var/www/html/neopaed/vendor/laravel/framework/src/Illuminate/Routing/Route.php(212): Illuminate\\Routing\\ControllerDispatcher->dispatch(Object(Illuminate\\Routing\\Route), Object(App\\Http\\Controllers\\TranscribtionIntegrationController), 'storeTranscribe...')
#7 /var/www/html/neopaed/vendor/laravel/framework/src/Illuminate/Routing/Route.php(169): Illuminate\\Routing\\Route->runController()
#8 /var/www/html/neopaed/vendor/laravel/framework/src/Illuminate/Routing/Router.php(665): Illuminate\\Routing\\Route->run()
#9 /var/www/html/neopaed/vendor/laravel/framework/src/Illuminate/Routing/Pipeline.php(30): Illuminate\\Routing\\Router->Illuminate\\Routing\\{closure}(Object(Illuminate\\Http\\Request))
#10 /var/www/html/neopaed/vendor/laravel/framework/src/Illuminate/Pipeline/Pipeline.php(104): Illuminate\\Routing\\Pipeline->Illuminate\\Routing\\{closure}(Object(Illuminate\\Http\\Request))
#11 /var/www/html/neopaed/vendor/laravel/framework/src/Illuminate/Routing/Router.php(667): Illuminate\\Pipeline\\Pipeline->then(Object(Closure))
#12 /var/www/html/neopaed/vendor/laravel/framework/src/Illuminate/Routing/Router.php(642): Illuminate\\Routing\\Router->runRouteWithinStack(Object(Illuminate\\Routing\\Route), Object(Illuminate\\Http\\Request))
#13 /var/www/html/neopaed/vendor/laravel/framework/src/Illuminate/Routing/Router.php(608): Illuminate\\Routing\\Router->runRoute(Object(Illuminate\\Http\\Request), Object(Illuminate\\Routing\\Route))
#14 /var/www/html/neopaed/vendor/laravel/framework/src/Illuminate/Routing/Router.php(597): Illuminate\\Routing\\Router->dispatchToRoute(Object(Illuminate\\Http\\Request))
#15 /var/www/html/neopaed/vendor/laravel/framework/src/Illuminate/Foundation/Http/Kernel.php(176): Illuminate\\Routing\\Router->dispatch(Object(Illuminate\\Http\\Request))
#16 /var/www/html/neopaed/vendor/laravel/framework/src/Illuminate/Routing/Pipeline.php(30): Illuminate\\Foundation\\Http\\Kernel->Illuminate\\Foundation\\Http\\{closure}(Object(Illuminate\\Http\\Request))
#17 /var/www/html/neopaed/vendor/laravel/framework/src/Illuminate/Foundation/Http/Middleware/VerifyCsrfToken.php(68): Illuminate\\Routing\\Pipeline->Illuminate\\Routing\\{closure}(Object(Illuminate\\Http\\Request))
#18 /var/www/html/neopaed/app/Http/Middleware/VerifyCsrfToken.php(54): Illuminate\\Foundation\\Http\\Middleware\\VerifyCsrfToken->handle(Object(Illuminate\\Http\\Request), Object(Closure))
#19 /var/www/html/neopaed/vendor/laravel/framework/src/Illuminate/Pipeline/Pipeline.php(151): App\\Http\\Middleware\\VerifyCsrfToken->handle(Object(Illuminate\\Http\\Request), Object(Closure))
#20 /var/www/html/neopaed/vendor/laravel/framework/src/Illuminate/Routing/Pipeline.php(53): Illuminate\\Pipeline\\Pipeline->Illuminate\\Pipeline\\{closure}(Object(Illuminate\\Http\\Request))
#21 /var/www/html/neopaed/vendor/laravel/framework/src/Illuminate/View/Middleware/ShareErrorsFromSession.php(49): Illuminate\\Routing\\Pipeline->Illuminate\\Routing\\{closure}(Object(Illuminate\\Http\\Request))
#22 /var/www/html/neopaed/vendor/laravel/framework/src/Illuminate/Pipeline/Pipeline.php(151): Illuminate\\View\\Middleware\\ShareErrorsFromSession->handle(Object(Illuminate\\Http\\Request), Object(Closure))
#23 /var/www/html/neopaed/vendor/laravel/framework/src/Illuminate/Routing/Pipeline.php(53): Illuminate\\Pipeline\\Pipeline->Illuminate\\Pipeline\\{closure}(Object(Illuminate\\Http\\Request))
#24 /var/www/html/neopaed/vendor/laravel/framework/src/Illuminate/Session/Middleware/StartSession.php(63): Illuminate\\Routing\\Pipeline->Illuminate\\Routing\\{closure}(Object(Illuminate\\Http\\Request))
#25 /var/www/html/neopaed/vendor/laravel/framework/src/Illuminate/Pipeline/Pipeline.php(151): Illuminate\\Session\\Middleware\\StartSession->handle(Object(Illuminate\\Http\\Request), Object(Closure))
#26 /var/www/html/neopaed/vendor/laravel/framework/src/Illuminate/Routing/Pipeline.php(53): Illuminate\\Pipeline\\Pipeline->Illuminate\\Pipeline\\{closure}(Object(Illuminate\\Http\\Request))
#27 /var/www/html/neopaed/vendor/laravel/framework/src/Illuminate/Cookie/Middleware/AddQueuedCookiesToResponse.php(37): Illuminate\\Routing\\Pipeline->Illuminate\\Routing\\{closure}(Object(Illuminate\\Http\\Request))
#28 /var/www/html/neopaed/vendor/laravel/framework/src/Illuminate/Pipeline/Pipeline.php(151): Illuminate\\Cookie\\Middleware\\AddQueuedCookiesToResponse->handle(Object(Illuminate\\Http\\Request), Object(Closure))
#29 /var/www/html/neopaed/vendor/laravel/framework/src/Illuminate/Routing/Pipeline.php(53): Illuminate\\Pipeline\\Pipeline->Illuminate\\Pipeline\\{closure}(Object(Illuminate\\Http\\Request))
#30 /var/www/html/neopaed/vendor/laravel/framework/src/Illuminate/Cookie/Middleware/EncryptCookies.php(66): Illuminate\\Routing\\Pipeline->Illuminate\\Routing\\{closure}(Object(Illuminate\\Http\\Request))
#31 /var/www/html/neopaed/vendor/laravel/framework/src/Illuminate/Pipeline/Pipeline.php(151): Illuminate\\Cookie\\Middleware\\EncryptCookies->handle(Object(Illuminate\\Http\\Request), Object(Closure))
#32 /var/www/html/neopaed/vendor/laravel/framework/src/Illuminate/Routing/Pipeline.php(53): Illuminate\\Pipeline\\Pipeline->Illuminate\\Pipeline\\{closure}(Object(Illuminate\\Http\\Request))
#33 /var/www/html/neopaed/vendor/laravel/framework/src/Illuminate/Foundation/Http/Middleware/CheckForMaintenanceMode.php(62): Illuminate\\Routing\\Pipeline->Illuminate\\Routing\\{closure}(Object(Illuminate\\Http\\Request))
#34 /var/www/html/neopaed/vendor/laravel/framework/src/Illuminate/Pipeline/Pipeline.php(151): Illuminate\\Foundation\\Http\\Middleware\\CheckForMaintenanceMode->handle(Object(Illuminate\\Http\\Request), Object(Closure))
#35 /var/www/html/neopaed/vendor/laravel/framework/src/Illuminate/Routing/Pipeline.php(53): Illuminate\\Pipeline\\Pipeline->Illuminate\\Pipeline\\{closure}(Object(Illuminate\\Http\\Request))
#36 /var/www/html/neopaed/vendor/laravel/framework/src/Illuminate/Pipeline/Pipeline.php(104): Illuminate\\Routing\\Pipeline->Illuminate\\Routing\\{closure}(Object(Illuminate\\Http\\Request))
#37 /var/www/html/neopaed/vendor/laravel/framework/src/Illuminate/Foundation/Http/Kernel.php(151): Illuminate\\Pipeline\\Pipeline->then(Object(Closure))
#38 /var/www/html/neopaed/vendor/laravel/framework/src/Illuminate/Foundation/Http/Kernel.php(116): Illuminate\\Foundation\\Http\\Kernel->sendRequestThroughRouter(Object(Illuminate\\Http\\Request))
#39 /var/www/html/neopaed/public/index.php(52): Illuminate\\Foundation\\Http\\Kernel->handle(Object(Illuminate\\Http\\Request))
#40 {main}
"} 
[2025-12-29 17:43:57] local.ERROR: Undefined index: baby {"exception":"[object] (ErrorException(code: 0): Undefined index: baby at /var/www/html/neopaed/app/Http/Controllers/TranscribtionIntegrationController.php:796)
[stacktrace]
#0 /var/www/html/neopaed/app/Http/Controllers/TranscribtionIntegrationController.php(796): Illuminate\\Foundation\\Bootstrap\\HandleExceptions->handleError(8, 'Undefined index...', '/var/www/html/n...', 796, Array)
#1 /var/www/html/neopaed/app/Http/Controllers/TranscribtionIntegrationController.php(1686): App\\Http\\Controllers\\TranscribtionIntegrationController->createUpdateBabyDetails(Array)
#2 /var/www/html/neopaed/app/Http/Controllers/TranscribtionIntegrationController.php(1662): App\\Http\\Controllers\\TranscribtionIntegrationController->createUpdateNicuAdmission(Array)
#3 [internal function]: App\\Http\\Controllers\\TranscribtionIntegrationController->storeTranscribedNicuAdmissionData(Object(Illuminate\\Http\\Request))
#4 /var/www/html/neopaed/vendor/laravel/framework/src/Illuminate/Routing/Controller.php(54): call_user_func_array(Array, Array)
#5 /var/www/html/neopaed/vendor/laravel/framework/src/Illuminate/Routing/ControllerDispatcher.php(45): Illuminate\\Routing\\Controller->callAction('storeTranscribe...', Array)
#6 /var/www/html/neopaed/vendor/laravel/framework/src/Illuminate/Routing/Route.php(212): Illuminate\\Routing\\ControllerDispatcher->dispatch(Object(Illuminate\\Routing\\Route), Object(App\\Http\\Controllers\\TranscribtionIntegrationController), 'storeTranscribe...')
#7 /var/www/html/neopaed/vendor/laravel/framework/src/Illuminate/Routing/Route.php(169): Illuminate\\Routing\\Route->runController()
#8 /var/www/html/neopaed/vendor/laravel/framework/src/Illuminate/Routing/Router.php(665): Illuminate\\Routing\\Route->run()
#9 /var/www/html/neopaed/vendor/laravel/framework/src/Illuminate/Routing/Pipeline.php(30): Illuminate\\Routing\\Router->Illuminate\\Routing\\{closure}(Object(Illuminate\\Http\\Request))
#10 /var/www/html/neopaed/vendor/laravel/framework/src/Illuminate/Pipeline/Pipeline.php(104): Illuminate\\Routing\\Pipeline->Illuminate\\Routing\\{closure}(Object(Illuminate\\Http\\Request))
#11 /var/www/html/neopaed/vendor/laravel/framework/src/Illuminate/Routing/Router.php(667): Illuminate\\Pipeline\\Pipeline->then(Object(Closure))
#12 /var/www/html/neopaed/vendor/laravel/framework/src/Illuminate/Routing/Router.php(642): Illuminate\\Routing\\Router->runRouteWithinStack(Object(Illuminate\\Routing\\Route), Object(Illuminate\\Http\\Request))
#13 /var/www/html/neopaed/vendor/laravel/framework/src/Illuminate/Routing/Router.php(608): Illuminate\\Routing\\Router->runRoute(Object(Illuminate\\Http\\Request), Object(Illuminate\\Routing\\Route))
#14 /var/www/html/neopaed/vendor/laravel/framework/src/Illuminate/Routing/Router.php(597): Illuminate\\Routing\\Router->dispatchToRoute(Object(Illuminate\\Http\\Request))
#15 /var/www/html/neopaed/vendor/laravel/framework/src/Illuminate/Foundation/Http/Kernel.php(176): Illuminate\\Routing\\Router->dispatch(Object(Illuminate\\Http\\Request))
#16 /var/www/html/neopaed/vendor/laravel/framework/src/Illuminate/Routing/Pipeline.php(30): Illuminate\\Foundation\\Http\\Kernel->Illuminate\\Foundation\\Http\\{closure}(Object(Illuminate\\Http\\Request))
#17 /var/www/html/neopaed/vendor/laravel/framework/src/Illuminate/Foundation/Http/Middleware/VerifyCsrfToken.php(68): Illuminate\\Routing\\Pipeline->Illuminate\\Routing\\{closure}(Object(Illuminate\\Http\\Request))
#18 /var/www/html/neopaed/app/Http/Middleware/VerifyCsrfToken.php(54): Illuminate\\Foundation\\Http\\Middleware\\VerifyCsrfToken->handle(Object(Illuminate\\Http\\Request), Object(Closure))
#19 /var/www/html/neopaed/vendor/laravel/framework/src/Illuminate/Pipeline/Pipeline.php(151): App\\Http\\Middleware\\VerifyCsrfToken->handle(Object(Illuminate\\Http\\Request), Object(Closure))
#20 /var/www/html/neopaed/vendor/laravel/framework/src/Illuminate/Routing/Pipeline.php(53): Illuminate\\Pipeline\\Pipeline->Illuminate\\Pipeline\\{closure}(Object(Illuminate\\Http\\Request))
#21 /var/www/html/neopaed/vendor/laravel/framework/src/Illuminate/View/Middleware/ShareErrorsFromSession.php(49): Illuminate\\Routing\\Pipeline->Illuminate\\Routing\\{closure}(Object(Illuminate\\Http\\Request))
#22 /var/www/html/neopaed/vendor/laravel/framework/src/Illuminate/Pipeline/Pipeline.php(151): Illuminate\\View\\Middleware\\ShareErrorsFromSession->handle(Object(Illuminate\\Http\\Request), Object(Closure))
#23 /var/www/html/neopaed/vendor/laravel/framework/src/Illuminate/Routing/Pipeline.php(53): Illuminate\\Pipeline\\Pipeline->Illuminate\\Pipeline\\{closure}(Object(Illuminate\\Http\\Request))
#24 /var/www/html/neopaed/vendor/laravel/framework/src/Illuminate/Session/Middleware/StartSession.php(63): Illuminate\\Routing\\Pipeline->Illuminate\\Routing\\{closure}(Object(Illuminate\\Http\\Request))
#25 /var/www/html/neopaed/vendor/laravel/framework/src/Illuminate/Pipeline/Pipeline.php(151): Illuminate\\Session\\Middleware\\StartSession->handle(Object(Illuminate\\Http\\Request), Object(Closure))
#26 /var/www/html/neopaed/vendor/laravel/framework/src/Illuminate/Routing/Pipeline.php(53): Illuminate\\Pipeline\\Pipeline->Illuminate\\Pipeline\\{closure}(Object(Illuminate\\Http\\Request))
#27 /var/www/html/neopaed/vendor/laravel/framework/src/Illuminate/Cookie/Middleware/AddQueuedCookiesToResponse.php(37): Illuminate\\Routing\\Pipeline->Illuminate\\Routing\\{closure}(Object(Illuminate\\Http\\Request))
#28 /var/www/html/neopaed/vendor/laravel/framework/src/Illuminate/Pipeline/Pipeline.php(151): Illuminate\\Cookie\\Middleware\\AddQueuedCookiesToResponse->handle(Object(Illuminate\\Http\\Request), Object(Closure))
#29 /var/www/html/neopaed/vendor/laravel/framework/src/Illuminate/Routing/Pipeline.php(53): Illuminate\\Pipeline\\Pipeline->Illuminate\\Pipeline\\{closure}(Object(Illuminate\\Http\\Request))
#30 /var/www/html/neopaed/vendor/laravel/framework/src/Illuminate/Cookie/Middleware/EncryptCookies.php(66): Illuminate\\Routing\\Pipeline->Illuminate\\Routing\\{closure}(Object(Illuminate\\Http\\Request))
#31 /var/www/html/neopaed/vendor/laravel/framework/src/Illuminate/Pipeline/Pipeline.php(151): Illuminate\\Cookie\\Middleware\\EncryptCookies->handle(Object(Illuminate\\Http\\Request), Object(Closure))
#32 /var/www/html/neopaed/vendor/laravel/framework/src/Illuminate/Routing/Pipeline.php(53): Illuminate\\Pipeline\\Pipeline->Illuminate\\Pipeline\\{closure}(Object(Illuminate\\Http\\Request))
#33 /var/www/html/neopaed/vendor/laravel/framework/src/Illuminate/Foundation/Http/Middleware/CheckForMaintenanceMode.php(62): Illuminate\\Routing\\Pipeline->Illuminate\\Routing\\{closure}(Object(Illuminate\\Http\\Request))
#34 /var/www/html/neopaed/vendor/laravel/framework/src/Illuminate/Pipeline/Pipeline.php(151): Illuminate\\Foundation\\Http\\Middleware\\CheckForMaintenanceMode->handle(Object(Illuminate\\Http\\Request), Object(Closure))
#35 /var/www/html/neopaed/vendor/laravel/framework/src/Illuminate/Routing/Pipeline.php(53): Illuminate\\Pipeline\\Pipeline->Illuminate\\Pipeline\\{closure}(Object(Illuminate\\Http\\Request))
#36 /var/www/html/neopaed/vendor/laravel/framework/src/Illuminate/Pipeline/Pipeline.php(104): Illuminate\\Routing\\Pipeline->Illuminate\\Routing\\{closure}(Object(Illuminate\\Http\\Request))
#37 /var/www/html/neopaed/vendor/laravel/framework/src/Illuminate/Foundation/Http/Kernel.php(151): Illuminate\\Pipeline\\Pipeline->then(Object(Closure))
#38 /var/www/html/neopaed/vendor/laravel/framework/src/Illuminate/Foundation/Http/Kernel.php(116): Illuminate\\Foundation\\Http\\Kernel->sendRequestThroughRouter(Object(Illuminate\\Http\\Request))
#39 /var/www/html/neopaed/public/index.php(52): Illuminate\\Foundation\\Http\\Kernel->handle(Object(Illuminate\\Http\\Request))
#40 {main}
"} 
[2025-12-29 17:43:58] local.ERROR: Undefined index: mother {"exception":"[object] (ErrorException(code: 0): Undefined index: mother at /var/www/html/neopaed/app/Http/Controllers/TranscribtionIntegrationController.php:797)
[stacktrace]
#0 /var/www/html/neopaed/app/Http/Controllers/TranscribtionIntegrationController.php(797): Illuminate\\Foundation\\Bootstrap\\HandleExceptions->handleError(8, 'Undefined index...', '/var/www/html/n...', 797, Array)
#1 /var/www/html/neopaed/app/Http/Controllers/TranscribtionIntegrationController.php(920): App\\Http\\Controllers\\TranscribtionIntegrationController->createUpdateBabyDetails(Array)
#2 [internal function]: App\\Http\\Controllers\\TranscribtionIntegrationController->storeTranscribedOpNeonatalData(Object(Illuminate\\Http\\Request))
#3 /var/www/html/neopaed/vendor/laravel/framework/src/Illuminate/Routing/Controller.php(54): call_user_func_array(Array, Array)
#4 /var/www/html/neopaed/vendor/laravel/framework/src/Illuminate/Routing/ControllerDispatcher.php(45): Illuminate\\Routing\\Controller->callAction('storeTranscribe...', Array)
#5 /var/www/html/neopaed/vendor/laravel/framework/src/Illuminate/Routing/Route.php(212): Illuminate\\Routing\\ControllerDispatcher->dispatch(Object(Illuminate\\Routing\\Route), Object(App\\Http\\Controllers\\TranscribtionIntegrationController), 'storeTranscribe...')
#6 /var/www/html/neopaed/vendor/laravel/framework/src/Illuminate/Routing/Route.php(169): Illuminate\\Routing\\Route->runController()
#7 /var/www/html/neopaed/vendor/laravel/framework/src/Illuminate/Routing/Router.php(665): Illuminate\\Routing\\Route->run()
#8 /var/www/html/neopaed/vendor/laravel/framework/src/Illuminate/Routing/Pipeline.php(30): Illuminate\\Routing\\Router->Illuminate\\Routing\\{closure}(Object(Illuminate\\Http\\Request))
#9 /var/www/html/neopaed/vendor/laravel/framework/src/Illuminate/Pipeline/Pipeline.php(104): Illuminate\\Routing\\Pipeline->Illuminate\\Routing\\{closure}(Object(Illuminate\\Http\\Request))
#10 /var/www/html/neopaed/vendor/laravel/framework/src/Illuminate/Routing/Router.php(667): Illuminate\\Pipeline\\Pipeline->then(Object(Closure))
#11 /var/www/html/neopaed/vendor/laravel/framework/src/Illuminate/Routing/Router.php(642): Illuminate\\Routing\\Router->runRouteWithinStack(Object(Illuminate\\Routing\\Route), Object(Illuminate\\Http\\Request))
#12 /var/www/html/neopaed/vendor/laravel/framework/src/Illuminate/Routing/Router.php(608): Illuminate\\Routing\\Router->runRoute(Object(Illuminate\\Http\\Request), Object(Illuminate\\Routing\\Route))
#13 /var/www/html/neopaed/vendor/laravel/framework/src/Illuminate/Routing/Router.php(597): Illuminate\\Routing\\Router->dispatchToRoute(Object(Illuminate\\Http\\Request))
#14 /var/www/html/neopaed/vendor/laravel/framework/src/Illuminate/Foundation/Http/Kernel.php(176): Illuminate\\Routing\\Router->dispatch(Object(Illuminate\\Http\\Request))
#15 /var/www/html/neopaed/vendor/laravel/framework/src/Illuminate/Routing/Pipeline.php(30): Illuminate\\Foundation\\Http\\Kernel->Illuminate\\Foundation\\Http\\{closure}(Object(Illuminate\\Http\\Request))
#16 /var/www/html/neopaed/vendor/laravel/framework/src/Illuminate/Foundation/Http/Middleware/VerifyCsrfToken.php(68): Illuminate\\Routing\\Pipeline->Illuminate\\Routing\\{closure}(Object(Illuminate\\Http\\Request))
#17 /var/www/html/neopaed/app/Http/Middleware/VerifyCsrfToken.php(54): Illuminate\\Foundation\\Http\\Middleware\\VerifyCsrfToken->handle(Object(Illuminate\\Http\\Request), Object(Closure))
#18 /var/www/html/neopaed/vendor/laravel/framework/src/Illuminate/Pipeline/Pipeline.php(151): App\\Http\\Middleware\\VerifyCsrfToken->handle(Object(Illuminate\\Http\\Request), Object(Closure))
#19 /var/www/html/neopaed/vendor/laravel/framework/src/Illuminate/Routing/Pipeline.php(53): Illuminate\\Pipeline\\Pipeline->Illuminate\\Pipeline\\{closure}(Object(Illuminate\\Http\\Request))
#20 /var/www/html/neopaed/vendor/laravel/framework/src/Illuminate/View/Middleware/ShareErrorsFromSession.php(49): Illuminate\\Routing\\Pipeline->Illuminate\\Routing\\{closure}(Object(Illuminate\\Http\\Request))
#21 /var/www/html/neopaed/vendor/laravel/framework/src/Illuminate/Pipeline/Pipeline.php(151): Illuminate\\View\\Middleware\\ShareErrorsFromSession->handle(Object(Illuminate\\Http\\Request), Object(Closure))
#22 /var/www/html/neopaed/vendor/laravel/framework/src/Illuminate/Routing/Pipeline.php(53): Illuminate\\Pipeline\\Pipeline->Illuminate\\Pipeline\\{closure}(Object(Illuminate\\Http\\Request))
#23 /var/www/html/neopaed/vendor/laravel/framework/src/Illuminate/Session/Middleware/StartSession.php(63): Illuminate\\Routing\\Pipeline->Illuminate\\Routing\\{closure}(Object(Illuminate\\Http\\Request))
#24 /var/www/html/neopaed/vendor/laravel/framework/src/Illuminate/Pipeline/Pipeline.php(151): Illuminate\\Session\\Middleware\\StartSession->handle(Object(Illuminate\\Http\\Request), Object(Closure))
#25 /var/www/html/neopaed/vendor/laravel/framework/src/Illuminate/Routing/Pipeline.php(53): Illuminate\\Pipeline\\Pipeline->Illuminate\\Pipeline\\{closure}(Object(Illuminate\\Http\\Request))
#26 /var/www/html/neopaed/vendor/laravel/framework/src/Illuminate/Cookie/Middleware/AddQueuedCookiesToResponse.php(37): Illuminate\\Routing\\Pipeline->Illuminate\\Routing\\{closure}(Object(Illuminate\\Http\\Request))
#27 /var/www/html/neopaed/vendor/laravel/framework/src/Illuminate/Pipeline/Pipeline.php(151): Illuminate\\Cookie\\Middleware\\AddQueuedCookiesToResponse->handle(Object(Illuminate\\Http\\Request), Object(Closure))
#28 /var/www/html/neopaed/vendor/laravel/framework/src/Illuminate/Routing/Pipeline.php(53): Illuminate\\Pipeline\\Pipeline->Illuminate\\Pipeline\\{closure}(Object(Illuminate\\Http\\Request))
#29 /var/www/html/neopaed/vendor/laravel/framework/src/Illuminate/Cookie/Middleware/EncryptCookies.php(66): Illuminate\\Routing\\Pipeline->Illuminate\\Routing\\{closure}(Object(Illuminate\\Http\\Request))
#30 /var/www/html/neopaed/vendor/laravel/framework/src/Illuminate/Pipeline/Pipeline.php(151): Illuminate\\Cookie\\Middleware\\EncryptCookies->handle(Object(Illuminate\\Http\\Request), Object(Closure))
#31 /var/www/html/neopaed/vendor/laravel/framework/src/Illuminate/Routing/Pipeline.php(53): Illuminate\\Pipeline\\Pipeline->Illuminate\\Pipeline\\{closure}(Object(Illuminate\\Http\\Request))
#32 /var/www/html/neopaed/vendor/laravel/framework/src/Illuminate/Foundation/Http/Middleware/CheckForMaintenanceMode.php(62): Illuminate\\Routing\\Pipeline->Illuminate\\Routing\\{closure}(Object(Illuminate\\Http\\Request))
#33 /var/www/html/neopaed/vendor/laravel/framework/src/Illuminate/Pipeline/Pipeline.php(151): Illuminate\\Foundation\\Http\\Middleware\\CheckForMaintenanceMode->handle(Object(Illuminate\\Http\\Request), Object(Closure))
#34 /var/www/html/neopaed/vendor/laravel/framework/src/Illuminate/Routing/Pipeline.php(53): Illuminate\\Pipeline\\Pipeline->Illuminate\\Pipeline\\{closure}(Object(Illuminate\\Http\\Request))
#35 /var/www/html/neopaed/vendor/laravel/framework/src/Illuminate/Pipeline/Pipeline.php(104): Illuminate\\Routing\\Pipeline->Illuminate\\Routing\\{closure}(Object(Illuminate\\Http\\Request))
#36 /var/www/html/neopaed/vendor/laravel/framework/src/Illuminate/Foundation/Http/Kernel.php(151): Illuminate\\Pipeline\\Pipeline->then(Object(Closure))
#37 /var/www/html/neopaed/vendor/laravel/framework/src/Illuminate/Foundation/Http/Kernel.php(116): Illuminate\\Foundation\\Http\\Kernel->sendRequestThroughRouter(Object(Illuminate\\Http\\Request))
#38 /var/www/html/neopaed/public/index.php(52): Illuminate\\Foundation\\Http\\Kernel->handle(Object(Illuminate\\Http\\Request))
#39 {main}
"} 
[2025-12-29 17:45:11] local.ERROR: Undefined index: baby {"exception":"[object] (ErrorException(code: 0): Undefined index: baby at /var/www/html/neopaed/app/Http/Controllers/TranscribtionIntegrationController.php:796)
[stacktrace]
#0 /var/www/html/neopaed/app/Http/Controllers/TranscribtionIntegrationController.php(796): Illuminate\\Foundation\\Bootstrap\\HandleExceptions->handleError(8, 'Undefined index...', '/var/www/html/n...', 796, Array)
#1 /var/www/html/neopaed/app/Http/Controllers/TranscribtionIntegrationController.php(1686): App\\Http\\Controllers\\TranscribtionIntegrationController->createUpdateBabyDetails(Array)
#2 /var/www/html/neopaed/app/Http/Controllers/TranscribtionIntegrationController.php(1662): App\\Http\\Controllers\\TranscribtionIntegrationController->createUpdateNicuAdmission(Array)
#3 [internal function]: App\\Http\\Controllers\\TranscribtionIntegrationController->storeTranscribedNicuAdmissionData(Object(Illuminate\\Http\\Request))
#4 /var/www/html/neopaed/vendor/laravel/framework/src/Illuminate/Routing/Controller.php(54): call_user_func_array(Array, Array)
#5 /var/www/html/neopaed/vendor/laravel/framework/src/Illuminate/Routing/ControllerDispatcher.php(45): Illuminate\\Routing\\Controller->callAction('storeTranscribe...', Array)
#6 /var/www/html/neopaed/vendor/laravel/framework/src/Illuminate/Routing/Route.php(212): Illuminate\\Routing\\ControllerDispatcher->dispatch(Object(Illuminate\\Routing\\Route), Object(App\\Http\\Controllers\\TranscribtionIntegrationController), 'storeTranscribe...')
#7 /var/www/html/neopaed/vendor/laravel/framework/src/Illuminate/Routing/Route.php(169): Illuminate\\Routing\\Route->runController()
#8 /var/www/html/neopaed/vendor/laravel/framework/src/Illuminate/Routing/Router.php(665): Illuminate\\Routing\\Route->run()
#9 /var/www/html/neopaed/vendor/laravel/framework/src/Illuminate/Routing/Pipeline.php(30): Illuminate\\Routing\\Router->Illuminate\\Routing\\{closure}(Object(Illuminate\\Http\\Request))
#10 /var/www/html/neopaed/vendor/laravel/framework/src/Illuminate/Pipeline/Pipeline.php(104): Illuminate\\Routing\\Pipeline->Illuminate\\Routing\\{closure}(Object(Illuminate\\Http\\Request))
#11 /var/www/html/neopaed/vendor/laravel/framework/src/Illuminate/Routing/Router.php(667): Illuminate\\Pipeline\\Pipeline->then(Object(Closure))
#12 /var/www/html/neopaed/vendor/laravel/framework/src/Illuminate/Routing/Router.php(642): Illuminate\\Routing\\Router->runRouteWithinStack(Object(Illuminate\\Routing\\Route), Object(Illuminate\\Http\\Request))
#13 /var/www/html/neopaed/vendor/laravel/framework/src/Illuminate/Routing/Router.php(608): Illuminate\\Routing\\Router->runRoute(Object(Illuminate\\Http\\Request), Object(Illuminate\\Routing\\Route))
#14 /var/www/html/neopaed/vendor/laravel/framework/src/Illuminate/Routing/Router.php(597): Illuminate\\Routing\\Router->dispatchToRoute(Object(Illuminate\\Http\\Request))
#15 /var/www/html/neopaed/vendor/laravel/framework/src/Illuminate/Foundation/Http/Kernel.php(176): Illuminate\\Routing\\Router->dispatch(Object(Illuminate\\Http\\Request))
#16 /var/www/html/neopaed/vendor/laravel/framework/src/Illuminate/Routing/Pipeline.php(30): Illuminate\\Foundation\\Http\\Kernel->Illuminate\\Foundation\\Http\\{closure}(Object(Illuminate\\Http\\Request))
#17 /var/www/html/neopaed/vendor/laravel/framework/src/Illuminate/Foundation/Http/Middleware/VerifyCsrfToken.php(68): Illuminate\\Routing\\Pipeline->Illuminate\\Routing\\{closure}(Object(Illuminate\\Http\\Request))
#18 /var/www/html/neopaed/app/Http/Middleware/VerifyCsrfToken.php(54): Illuminate\\Foundation\\Http\\Middleware\\VerifyCsrfToken->handle(Object(Illuminate\\Http\\Request), Object(Closure))
#19 /var/www/html/neopaed/vendor/laravel/framework/src/Illuminate/Pipeline/Pipeline.php(151): App\\Http\\Middleware\\VerifyCsrfToken->handle(Object(Illuminate\\Http\\Request), Object(Closure))
#20 /var/www/html/neopaed/vendor/laravel/framework/src/Illuminate/Routing/Pipeline.php(53): Illuminate\\Pipeline\\Pipeline->Illuminate\\Pipeline\\{closure}(Object(Illuminate\\Http\\Request))
#21 /var/www/html/neopaed/vendor/laravel/framework/src/Illuminate/View/Middleware/ShareErrorsFromSession.php(49): Illuminate\\Routing\\Pipeline->Illuminate\\Routing\\{closure}(Object(Illuminate\\Http\\Request))
#22 /var/www/html/neopaed/vendor/laravel/framework/src/Illuminate/Pipeline/Pipeline.php(151): Illuminate\\View\\Middleware\\ShareErrorsFromSession->handle(Object(Illuminate\\Http\\Request), Object(Closure))
#23 /var/www/html/neopaed/vendor/laravel/framework/src/Illuminate/Routing/Pipeline.php(53): Illuminate\\Pipeline\\Pipeline->Illuminate\\Pipeline\\{closure}(Object(Illuminate\\Http\\Request))
#24 /var/www/html/neopaed/vendor/laravel/framework/src/Illuminate/Session/Middleware/StartSession.php(63): Illuminate\\Routing\\Pipeline->Illuminate\\Routing\\{closure}(Object(Illuminate\\Http\\Request))
#25 /var/www/html/neopaed/vendor/laravel/framework/src/Illuminate/Pipeline/Pipeline.php(151): Illuminate\\Session\\Middleware\\StartSession->handle(Object(Illuminate\\Http\\Request), Object(Closure))
#26 /var/www/html/neopaed/vendor/laravel/framework/src/Illuminate/Routing/Pipeline.php(53): Illuminate\\Pipeline\\Pipeline->Illuminate\\Pipeline\\{closure}(Object(Illuminate\\Http\\Request))
#27 /var/www/html/neopaed/vendor/laravel/framework/src/Illuminate/Cookie/Middleware/AddQueuedCookiesToResponse.php(37): Illuminate\\Routing\\Pipeline->Illuminate\\Routing\\{closure}(Object(Illuminate\\Http\\Request))
#28 /var/www/html/neopaed/vendor/laravel/framework/src/Illuminate/Pipeline/Pipeline.php(151): Illuminate\\Cookie\\Middleware\\AddQueuedCookiesToResponse->handle(Object(Illuminate\\Http\\Request), Object(Closure))
#29 /var/www/html/neopaed/vendor/laravel/framework/src/Illuminate/Routing/Pipeline.php(53): Illuminate\\Pipeline\\Pipeline->Illuminate\\Pipeline\\{closure}(Object(Illuminate\\Http\\Request))
#30 /var/www/html/neopaed/vendor/laravel/framework/src/Illuminate/Cookie/Middleware/EncryptCookies.php(66): Illuminate\\Routing\\Pipeline->Illuminate\\Routing\\{closure}(Object(Illuminate\\Http\\Request))
#31 /var/www/html/neopaed/vendor/laravel/framework/src/Illuminate/Pipeline/Pipeline.php(151): Illuminate\\Cookie\\Middleware\\EncryptCookies->handle(Object(Illuminate\\Http\\Request), Object(Closure))
#32 /var/www/html/neopaed/vendor/laravel/framework/src/Illuminate/Routing/Pipeline.php(53): Illuminate\\Pipeline\\Pipeline->Illuminate\\Pipeline\\{closure}(Object(Illuminate\\Http\\Request))
#33 /var/www/html/neopaed/vendor/laravel/framework/src/Illuminate/Foundation/Http/Middleware/CheckForMaintenanceMode.php(62): Illuminate\\Routing\\Pipeline->Illuminate\\Routing\\{closure}(Object(Illuminate\\Http\\Request))
#34 /var/www/html/neopaed/vendor/laravel/framework/src/Illuminate/Pipeline/Pipeline.php(151): Illuminate\\Foundation\\Http\\Middleware\\CheckForMaintenanceMode->handle(Object(Illuminate\\Http\\Request), Object(Closure))
#35 /var/www/html/neopaed/vendor/laravel/framework/src/Illuminate/Routing/Pipeline.php(53): Illuminate\\Pipeline\\Pipeline->Illuminate\\Pipeline\\{closure}(Object(Illuminate\\Http\\Request))
#36 /var/www/html/neopaed/vendor/laravel/framework/src/Illuminate/Pipeline/Pipeline.php(104): Illuminate\\Routing\\Pipeline->Illuminate\\Routing\\{closure}(Object(Illuminate\\Http\\Request))
#37 /var/www/html/neopaed/vendor/laravel/framework/src/Illuminate/Foundation/Http/Kernel.php(151): Illuminate\\Pipeline\\Pipeline->then(Object(Closure))
#38 /var/www/html/neopaed/vendor/laravel/framework/src/Illuminate/Foundation/Http/Kernel.php(116): Illuminate\\Foundation\\Http\\Kernel->sendRequestThroughRouter(Object(Illuminate\\Http\\Request))
#39 /var/www/html/neopaed/public/index.php(52): Illuminate\\Foundation\\Http\\Kernel->handle(Object(Illuminate\\Http\\Request))
#40 {main}
"} 
[2025-12-29 17:45:11] local.ERROR: Undefined index: baby {"exception":"[object] (ErrorException(code: 0): Undefined index: baby at /var/www/html/neopaed/app/Http/Controllers/TranscribtionIntegrationController.php:796)
[stacktrace]
#0 /var/www/html/neopaed/app/Http/Controllers/TranscribtionIntegrationController.php(796): Illuminate\\Foundation\\Bootstrap\\HandleExceptions->handleError(8, 'Undefined index...', '/var/www/html/n...', 796, Array)
#1 /var/www/html/neopaed/app/Http/Controllers/TranscribtionIntegrationController.php(1686): App\\Http\\Controllers\\TranscribtionIntegrationController->createUpdateBabyDetails(Array)
#2 /var/www/html/neopaed/app/Http/Controllers/TranscribtionIntegrationController.php(1662): App\\Http\\Controllers\\TranscribtionIntegrationController->createUpdateNicuAdmission(Array)
#3 [internal function]: App\\Http\\Controllers\\TranscribtionIntegrationController->storeTranscribedNicuAdmissionData(Object(Illuminate\\Http\\Request))
#4 /var/www/html/neopaed/vendor/laravel/framework/src/Illuminate/Routing/Controller.php(54): call_user_func_array(Array, Array)
#5 /var/www/html/neopaed/vendor/laravel/framework/src/Illuminate/Routing/ControllerDispatcher.php(45): Illuminate\\Routing\\Controller->callAction('storeTranscribe...', Array)
#6 /var/www/html/neopaed/vendor/laravel/framework/src/Illuminate/Routing/Route.php(212): Illuminate\\Routing\\ControllerDispatcher->dispatch(Object(Illuminate\\Routing\\Route), Object(App\\Http\\Controllers\\TranscribtionIntegrationController), 'storeTranscribe...')
#7 /var/www/html/neopaed/vendor/laravel/framework/src/Illuminate/Routing/Route.php(169): Illuminate\\Routing\\Route->runController()
#8 /var/www/html/neopaed/vendor/laravel/framework/src/Illuminate/Routing/Router.php(665): Illuminate\\Routing\\Route->run()
#9 /var/www/html/neopaed/vendor/laravel/framework/src/Illuminate/Routing/Pipeline.php(30): Illuminate\\Routing\\Router->Illuminate\\Routing\\{closure}(Object(Illuminate\\Http\\Request))
#10 /var/www/html/neopaed/vendor/laravel/framework/src/Illuminate/Pipeline/Pipeline.php(104): Illuminate\\Routing\\Pipeline->Illuminate\\Routing\\{closure}(Object(Illuminate\\Http\\Request))
#11 /var/www/html/neopaed/vendor/laravel/framework/src/Illuminate/Routing/Router.php(667): Illuminate\\Pipeline\\Pipeline->then(Object(Closure))
#12 /var/www/html/neopaed/vendor/laravel/framework/src/Illuminate/Routing/Router.php(642): Illuminate\\Routing\\Router->runRouteWithinStack(Object(Illuminate\\Routing\\Route), Object(Illuminate\\Http\\Request))
#13 /var/www/html/neopaed/vendor/laravel/framework/src/Illuminate/Routing/Router.php(608): Illuminate\\Routing\\Router->runRoute(Object(Illuminate\\Http\\Request), Object(Illuminate\\Routing\\Route))
#14 /var/www/html/neopaed/vendor/laravel/framework/src/Illuminate/Routing/Router.php(597): Illuminate\\Routing\\Router->dispatchToRoute(Object(Illuminate\\Http\\Request))
#15 /var/www/html/neopaed/vendor/laravel/framework/src/Illuminate/Foundation/Http/Kernel.php(176): Illuminate\\Routing\\Router->dispatch(Object(Illuminate\\Http\\Request))
#16 /var/www/html/neopaed/vendor/laravel/framework/src/Illuminate/Routing/Pipeline.php(30): Illuminate\\Foundation\\Http\\Kernel->Illuminate\\Foundation\\Http\\{closure}(Object(Illuminate\\Http\\Request))
#17 /var/www/html/neopaed/vendor/laravel/framework/src/Illuminate/Foundation/Http/Middleware/VerifyCsrfToken.php(68): Illuminate\\Routing\\Pipeline->Illuminate\\Routing\\{closure}(Object(Illuminate\\Http\\Request))
#18 /var/www/html/neopaed/app/Http/Middleware/VerifyCsrfToken.php(54): Illuminate\\Foundation\\Http\\Middleware\\VerifyCsrfToken->handle(Object(Illuminate\\Http\\Request), Object(Closure))
#19 /var/www/html/neopaed/vendor/laravel/framework/src/Illuminate/Pipeline/Pipeline.php(151): App\\Http\\Middleware\\VerifyCsrfToken->handle(Object(Illuminate\\Http\\Request), Object(Closure))
#20 /var/www/html/neopaed/vendor/laravel/framework/src/Illuminate/Routing/Pipeline.php(53): Illuminate\\Pipeline\\Pipeline->Illuminate\\Pipeline\\{closure}(Object(Illuminate\\Http\\Request))
#21 /var/www/html/neopaed/vendor/laravel/framework/src/Illuminate/View/Middleware/ShareErrorsFromSession.php(49): Illuminate\\Routing\\Pipeline->Illuminate\\Routing\\{closure}(Object(Illuminate\\Http\\Request))
#22 /var/www/html/neopaed/vendor/laravel/framework/src/Illuminate/Pipeline/Pipeline.php(151): Illuminate\\View\\Middleware\\ShareErrorsFromSession->handle(Object(Illuminate\\Http\\Request), Object(Closure))
#23 /var/www/html/neopaed/vendor/laravel/framework/src/Illuminate/Routing/Pipeline.php(53): Illuminate\\Pipeline\\Pipeline->Illuminate\\Pipeline\\{closure}(Object(Illuminate\\Http\\Request))
#24 /var/www/html/neopaed/vendor/laravel/framework/src/Illuminate/Session/Middleware/StartSession.php(63): Illuminate\\Routing\\Pipeline->Illuminate\\Routing\\{closure}(Object(Illuminate\\Http\\Request))
#25 /var/www/html/neopaed/vendor/laravel/framework/src/Illuminate/Pipeline/Pipeline.php(151): Illuminate\\Session\\Middleware\\StartSession->handle(Object(Illuminate\\Http\\Request), Object(Closure))
#26 /var/www/html/neopaed/vendor/laravel/framework/src/Illuminate/Routing/Pipeline.php(53): Illuminate\\Pipeline\\Pipeline->Illuminate\\Pipeline\\{closure}(Object(Illuminate\\Http\\Request))
#27 /var/www/html/neopaed/vendor/laravel/framework/src/Illuminate/Cookie/Middleware/AddQueuedCookiesToResponse.php(37): Illuminate\\Routing\\Pipeline->Illuminate\\Routing\\{closure}(Object(Illuminate\\Http\\Request))
#28 /var/www/html/neopaed/vendor/laravel/framework/src/Illuminate/Pipeline/Pipeline.php(151): Illuminate\\Cookie\\Middleware\\AddQueuedCookiesToResponse->handle(Object(Illuminate\\Http\\Request), Object(Closure))
#29 /var/www/html/neopaed/vendor/laravel/framework/src/Illuminate/Routing/Pipeline.php(53): Illuminate\\Pipeline\\Pipeline->Illuminate\\Pipeline\\{closure}(Object(Illuminate\\Http\\Request))
#30 /var/www/html/neopaed/vendor/laravel/framework/src/Illuminate/Cookie/Middleware/EncryptCookies.php(66): Illuminate\\Routing\\Pipeline->Illuminate\\Routing\\{closure}(Object(Illuminate\\Http\\Request))
#31 /var/www/html/neopaed/vendor/laravel/framework/src/Illuminate/Pipeline/Pipeline.php(151): Illuminate\\Cookie\\Middleware\\EncryptCookies->handle(Object(Illuminate\\Http\\Request), Object(Closure))
#32 /var/www/html/neopaed/vendor/laravel/framework/src/Illuminate/Routing/Pipeline.php(53): Illuminate\\Pipeline\\Pipeline->Illuminate\\Pipeline\\{closure}(Object(Illuminate\\Http\\Request))
#33 /var/www/html/neopaed/vendor/laravel/framework/src/Illuminate/Foundation/Http/Middleware/CheckForMaintenanceMode.php(62): Illuminate\\Routing\\Pipeline->Illuminate\\Routing\\{closure}(Object(Illuminate\\Http\\Request))
#34 /var/www/html/neopaed/vendor/laravel/framework/src/Illuminate/Pipeline/Pipeline.php(151): Illuminate\\Foundation\\Http\\Middleware\\CheckForMaintenanceMode->handle(Object(Illuminate\\Http\\Request), Object(Closure))
#35 /var/www/html/neopaed/vendor/laravel/framework/src/Illuminate/Routing/Pipeline.php(53): Illuminate\\Pipeline\\Pipeline->Illuminate\\Pipeline\\{closure}(Object(Illuminate\\Http\\Request))
#36 /var/www/html/neopaed/vendor/laravel/framework/src/Illuminate/Pipeline/Pipeline.php(104): Illuminate\\Routing\\Pipeline->Illuminate\\Routing\\{closure}(Object(Illuminate\\Http\\Request))
#37 /var/www/html/neopaed/vendor/laravel/framework/src/Illuminate/Foundation/Http/Kernel.php(151): Illuminate\\Pipeline\\Pipeline->then(Object(Closure))
#38 /var/www/html/neopaed/vendor/laravel/framework/src/Illuminate/Foundation/Http/Kernel.php(116): Illuminate\\Foundation\\Http\\Kernel->sendRequestThroughRouter(Object(Illuminate\\Http\\Request))
#39 /var/www/html/neopaed/public/index.php(52): Illuminate\\Foundation\\Http\\Kernel->handle(Object(Illuminate\\Http\\Request))
#40 {main}
"} 
[2025-12-29 17:46:47] local.ERROR: Method App\Http\Controllers\TranscribtionIntegrationController::updateTwinBaby does not exist. {"exception":"[object] (BadMethodCallException(code: 0): Method App\\Http\\Controllers\\TranscribtionIntegrationController::updateTwinBaby does not exist. at /var/www/html/neopaed/vendor/laravel/framework/src/Illuminate/Routing/Controller.php:68)
[stacktrace]
#0 /var/www/html/neopaed/app/Http/Controllers/TranscribtionIntegrationController.php(828): Illuminate\\Routing\\Controller->__call('updateTwinBaby', Array)
#1 /var/www/html/neopaed/app/Http/Controllers/TranscribtionIntegrationController.php(291): App\\Http\\Controllers\\TranscribtionIntegrationController->createUpdateBabyDetails(Array)
#2 [internal function]: App\\Http\\Controllers\\TranscribtionIntegrationController->storeTranscribedNeonatalProformaData(Object(Illuminate\\Http\\Request))
#3 /var/www/html/neopaed/vendor/laravel/framework/src/Illuminate/Routing/Controller.php(54): call_user_func_array(Array, Array)
#4 /var/www/html/neopaed/vendor/laravel/framework/src/Illuminate/Routing/ControllerDispatcher.php(45): Illuminate\\Routing\\Controller->callAction('storeTranscribe...', Array)
#5 /var/www/html/neopaed/vendor/laravel/framework/src/Illuminate/Routing/Route.php(212): Illuminate\\Routing\\ControllerDispatcher->dispatch(Object(Illuminate\\Routing\\Route), Object(App\\Http\\Controllers\\TranscribtionIntegrationController), 'storeTranscribe...')
#6 /var/www/html/neopaed/vendor/laravel/framework/src/Illuminate/Routing/Route.php(169): Illuminate\\Routing\\Route->runController()
#7 /var/www/html/neopaed/vendor/laravel/framework/src/Illuminate/Routing/Router.php(665): Illuminate\\Routing\\Route->run()
#8 /var/www/html/neopaed/vendor/laravel/framework/src/Illuminate/Routing/Pipeline.php(30): Illuminate\\Routing\\Router->Illuminate\\Routing\\{closure}(Object(Illuminate\\Http\\Request))
#9 /var/www/html/neopaed/vendor/laravel/framework/src/Illuminate/Pipeline/Pipeline.php(104): Illuminate\\Routing\\Pipeline->Illuminate\\Routing\\{closure}(Object(Illuminate\\Http\\Request))
#10 /var/www/html/neopaed/vendor/laravel/framework/src/Illuminate/Routing/Router.php(667): Illuminate\\Pipeline\\Pipeline->then(Object(Closure))
#11 /var/www/html/neopaed/vendor/laravel/framework/src/Illuminate/Routing/Router.php(642): Illuminate\\Routing\\Router->runRouteWithinStack(Object(Illuminate\\Routing\\Route), Object(Illuminate\\Http\\Request))
#12 /var/www/html/neopaed/vendor/laravel/framework/src/Illuminate/Routing/Router.php(608): Illuminate\\Routing\\Router->runRoute(Object(Illuminate\\Http\\Request), Object(Illuminate\\Routing\\Route))
#13 /var/www/html/neopaed/vendor/laravel/framework/src/Illuminate/Routing/Router.php(597): Illuminate\\Routing\\Router->dispatchToRoute(Object(Illuminate\\Http\\Request))
#14 /var/www/html/neopaed/vendor/laravel/framework/src/Illuminate/Foundation/Http/Kernel.php(176): Illuminate\\Routing\\Router->dispatch(Object(Illuminate\\Http\\Request))
#15 /var/www/html/neopaed/vendor/laravel/framework/src/Illuminate/Routing/Pipeline.php(30): Illuminate\\Foundation\\Http\\Kernel->Illuminate\\Foundation\\Http\\{closure}(Object(Illuminate\\Http\\Request))
#16 /var/www/html/neopaed/vendor/laravel/framework/src/Illuminate/Foundation/Http/Middleware/VerifyCsrfToken.php(68): Illuminate\\Routing\\Pipeline->Illuminate\\Routing\\{closure}(Object(Illuminate\\Http\\Request))
#17 /var/www/html/neopaed/app/Http/Middleware/VerifyCsrfToken.php(54): Illuminate\\Foundation\\Http\\Middleware\\VerifyCsrfToken->handle(Object(Illuminate\\Http\\Request), Object(Closure))
#18 /var/www/html/neopaed/vendor/laravel/framework/src/Illuminate/Pipeline/Pipeline.php(151): App\\Http\\Middleware\\VerifyCsrfToken->handle(Object(Illuminate\\Http\\Request), Object(Closure))
#19 /var/www/html/neopaed/vendor/laravel/framework/src/Illuminate/Routing/Pipeline.php(53): Illuminate\\Pipeline\\Pipeline->Illuminate\\Pipeline\\{closure}(Object(Illuminate\\Http\\Request))
#20 /var/www/html/neopaed/vendor/laravel/framework/src/Illuminate/View/Middleware/ShareErrorsFromSession.php(49): Illuminate\\Routing\\Pipeline->Illuminate\\Routing\\{closure}(Object(Illuminate\\Http\\Request))
#21 /var/www/html/neopaed/vendor/laravel/framework/src/Illuminate/Pipeline/Pipeline.php(151): Illuminate\\View\\Middleware\\ShareErrorsFromSession->handle(Object(Illuminate\\Http\\Request), Object(Closure))
#22 /var/www/html/neopaed/vendor/laravel/framework/src/Illuminate/Routing/Pipeline.php(53): Illuminate\\Pipeline\\Pipeline->Illuminate\\Pipeline\\{closure}(Object(Illuminate\\Http\\Request))
#23 /var/www/html/neopaed/vendor/laravel/framework/src/Illuminate/Session/Middleware/StartSession.php(63): Illuminate\\Routing\\Pipeline->Illuminate\\Routing\\{closure}(Object(Illuminate\\Http\\Request))
#24 /var/www/html/neopaed/vendor/laravel/framework/src/Illuminate/Pipeline/Pipeline.php(151): Illuminate\\Session\\Middleware\\StartSession->handle(Object(Illuminate\\Http\\Request), Object(Closure))
#25 /var/www/html/neopaed/vendor/laravel/framework/src/Illuminate/Routing/Pipeline.php(53): Illuminate\\Pipeline\\Pipeline->Illuminate\\Pipeline\\{closure}(Object(Illuminate\\Http\\Request))
#26 /var/www/html/neopaed/vendor/laravel/framework/src/Illuminate/Cookie/Middleware/AddQueuedCookiesToResponse.php(37): Illuminate\\Routing\\Pipeline->Illuminate\\Routing\\{closure}(Object(Illuminate\\Http\\Request))
#27 /var/www/html/neopaed/vendor/laravel/framework/src/Illuminate/Pipeline/Pipeline.php(151): Illuminate\\Cookie\\Middleware\\AddQueuedCookiesToResponse->handle(Object(Illuminate\\Http\\Request), Object(Closure))
#28 /var/www/html/neopaed/vendor/laravel/framework/src/Illuminate/Routing/Pipeline.php(53): Illuminate\\Pipeline\\Pipeline->Illuminate\\Pipeline\\{closure}(Object(Illuminate\\Http\\Request))
#29 /var/www/html/neopaed/vendor/laravel/framework/src/Illuminate/Cookie/Middleware/EncryptCookies.php(66): Illuminate\\Routing\\Pipeline->Illuminate\\Routing\\{closure}(Object(Illuminate\\Http\\Request))
#30 /var/www/html/neopaed/vendor/laravel/framework/src/Illuminate/Pipeline/Pipeline.php(151): Illuminate\\Cookie\\Middleware\\EncryptCookies->handle(Object(Illuminate\\Http\\Request), Object(Closure))
#31 /var/www/html/neopaed/vendor/laravel/framework/src/Illuminate/Routing/Pipeline.php(53): Illuminate\\Pipeline\\Pipeline->Illuminate\\Pipeline\\{closure}(Object(Illuminate\\Http\\Request))
#32 /var/www/html/neopaed/vendor/laravel/framework/src/Illuminate/Foundation/Http/Middleware/CheckForMaintenanceMode.php(62): Illuminate\\Routing\\Pipeline->Illuminate\\Routing\\{closure}(Object(Illuminate\\Http\\Request))
#33 /var/www/html/neopaed/vendor/laravel/framework/src/Illuminate/Pipeline/Pipeline.php(151): Illuminate\\Foundation\\Http\\Middleware\\CheckForMaintenanceMode->handle(Object(Illuminate\\Http\\Request), Object(Closure))
#34 /var/www/html/neopaed/vendor/laravel/framework/src/Illuminate/Routing/Pipeline.php(53): Illuminate\\Pipeline\\Pipeline->Illuminate\\Pipeline\\{closure}(Object(Illuminate\\Http\\Request))
#35 /var/www/html/neopaed/vendor/laravel/framework/src/Illuminate/Pipeline/Pipeline.php(104): Illuminate\\Routing\\Pipeline->Illuminate\\Routing\\{closure}(Object(Illuminate\\Http\\Request))
#36 /var/www/html/neopaed/vendor/laravel/framework/src/Illuminate/Foundation/Http/Kernel.php(151): Illuminate\\Pipeline\\Pipeline->then(Object(Closure))
#37 /var/www/html/neopaed/vendor/laravel/framework/src/Illuminate/Foundation/Http/Kernel.php(116): Illuminate\\Foundation\\Http\\Kernel->sendRequestThroughRouter(Object(Illuminate\\Http\\Request))
#38 /var/www/html/neopaed/public/index.php(52): Illuminate\\Foundation\\Http\\Kernel->handle(Object(Illuminate\\Http\\Request))
#39 {main}
"} 
[2025-12-29 17:46:47] local.ERROR: Undefined index: questions {"exception":"[object] (ErrorException(code: 0): Undefined index: questions at /var/www/html/neopaed/app/Http/Controllers/TranscribtionIntegrationController.php:230)
[stacktrace]
#0 /var/www/html/neopaed/app/Http/Controllers/TranscribtionIntegrationController.php(230): Illuminate\\Foundation\\Bootstrap\\HandleExceptions->handleError(8, 'Undefined index...', '/var/www/html/n...', 230, Array)
#1 [internal function]: App\\Http\\Controllers\\TranscribtionIntegrationController->storeTranscribedDaycareData(Object(Illuminate\\Http\\Request))
#2 /var/www/html/neopaed/vendor/laravel/framework/src/Illuminate/Routing/Controller.php(54): call_user_func_array(Array, Array)
#3 /var/www/html/neopaed/vendor/laravel/framework/src/Illuminate/Routing/ControllerDispatcher.php(45): Illuminate\\Routing\\Controller->callAction('storeTranscribe...', Array)
#4 /var/www/html/neopaed/vendor/laravel/framework/src/Illuminate/Routing/Route.php(212): Illuminate\\Routing\\ControllerDispatcher->dispatch(Object(Illuminate\\Routing\\Route), Object(App\\Http\\Controllers\\TranscribtionIntegrationController), 'storeTranscribe...')
#5 /var/www/html/neopaed/vendor/laravel/framework/src/Illuminate/Routing/Route.php(169): Illuminate\\Routing\\Route->runController()
#6 /var/www/html/neopaed/vendor/laravel/framework/src/Illuminate/Routing/Router.php(665): Illuminate\\Routing\\Route->run()
#7 /var/www/html/neopaed/vendor/laravel/framework/src/Illuminate/Routing/Pipeline.php(30): Illuminate\\Routing\\Router->Illuminate\\Routing\\{closure}(Object(Illuminate\\Http\\Request))
#8 /var/www/html/neopaed/vendor/laravel/framework/src/Illuminate/Pipeline/Pipeline.php(104): Illuminate\\Routing\\Pipeline->Illuminate\\Routing\\{closure}(Object(Illuminate\\Http\\Request))
#9 /var/www/html/neopaed/vendor/laravel/framework/src/Illuminate/Routing/Router.php(667): Illuminate\\Pipeline\\Pipeline->then(Object(Closure))
#10 /var/www/html/neopaed/vendor/laravel/framework/src/Illuminate/Routing/Router.php(642): Illuminate\\Routing\\Router->runRouteWithinStack(Object(Illuminate\\Routing\\Route), Object(Illuminate\\Http\\Request))
#11 /var/www/html/neopaed/vendor/laravel/framework/src/Illuminate/Routing/Router.php(608): Illuminate\\Routing\\Router->runRoute(Object(Illuminate\\Http\\Request), Object(Illuminate\\Routing\\Route))
#12 /var/www/html/neopaed/vendor/laravel/framework/src/Illuminate/Routing/Router.php(597): Illuminate\\Routing\\Router->dispatchToRoute(Object(Illuminate\\Http\\Request))
#13 /var/www/html/neopaed/vendor/laravel/framework/src/Illuminate/Foundation/Http/Kernel.php(176): Illuminate\\Routing\\Router->dispatch(Object(Illuminate\\Http\\Request))
#14 /var/www/html/neopaed/vendor/laravel/framework/src/Illuminate/Routing/Pipeline.php(30): Illuminate\\Foundation\\Http\\Kernel->Illuminate\\Foundation\\Http\\{closure}(Object(Illuminate\\Http\\Request))
#15 /var/www/html/neopaed/vendor/laravel/framework/src/Illuminate/Foundation/Http/Middleware/VerifyCsrfToken.php(68): Illuminate\\Routing\\Pipeline->Illuminate\\Routing\\{closure}(Object(Illuminate\\Http\\Request))
#16 /var/www/html/neopaed/app/Http/Middleware/VerifyCsrfToken.php(54): Illuminate\\Foundation\\Http\\Middleware\\VerifyCsrfToken->handle(Object(Illuminate\\Http\\Request), Object(Closure))
#17 /var/www/html/neopaed/vendor/laravel/framework/src/Illuminate/Pipeline/Pipeline.php(151): App\\Http\\Middleware\\VerifyCsrfToken->handle(Object(Illuminate\\Http\\Request), Object(Closure))
#18 /var/www/html/neopaed/vendor/laravel/framework/src/Illuminate/Routing/Pipeline.php(53): Illuminate\\Pipeline\\Pipeline->Illuminate\\Pipeline\\{closure}(Object(Illuminate\\Http\\Request))
#19 /var/www/html/neopaed/vendor/laravel/framework/src/Illuminate/View/Middleware/ShareErrorsFromSession.php(49): Illuminate\\Routing\\Pipeline->Illuminate\\Routing\\{closure}(Object(Illuminate\\Http\\Request))
#20 /var/www/html/neopaed/vendor/laravel/framework/src/Illuminate/Pipeline/Pipeline.php(151): Illuminate\\View\\Middleware\\ShareErrorsFromSession->handle(Object(Illuminate\\Http\\Request), Object(Closure))
#21 /var/www/html/neopaed/vendor/laravel/framework/src/Illuminate/Routing/Pipeline.php(53): Illuminate\\Pipeline\\Pipeline->Illuminate\\Pipeline\\{closure}(Object(Illuminate\\Http\\Request))
#22 /var/www/html/neopaed/vendor/laravel/framework/src/Illuminate/Session/Middleware/StartSession.php(63): Illuminate\\Routing\\Pipeline->Illuminate\\Routing\\{closure}(Object(Illuminate\\Http\\Request))
#23 /var/www/html/neopaed/vendor/laravel/framework/src/Illuminate/Pipeline/Pipeline.php(151): Illuminate\\Session\\Middleware\\StartSession->handle(Object(Illuminate\\Http\\Request), Object(Closure))
#24 /var/www/html/neopaed/vendor/laravel/framework/src/Illuminate/Routing/Pipeline.php(53): Illuminate\\Pipeline\\Pipeline->Illuminate\\Pipeline\\{closure}(Object(Illuminate\\Http\\Request))
#25 /var/www/html/neopaed/vendor/laravel/framework/src/Illuminate/Cookie/Middleware/AddQueuedCookiesToResponse.php(37): Illuminate\\Routing\\Pipeline->Illuminate\\Routing\\{closure}(Object(Illuminate\\Http\\Request))
#26 /var/www/html/neopaed/vendor/laravel/framework/src/Illuminate/Pipeline/Pipeline.php(151): Illuminate\\Cookie\\Middleware\\AddQueuedCookiesToResponse->handle(Object(Illuminate\\Http\\Request), Object(Closure))
#27 /var/www/html/neopaed/vendor/laravel/framework/src/Illuminate/Routing/Pipeline.php(53): Illuminate\\Pipeline\\Pipeline->Illuminate\\Pipeline\\{closure}(Object(Illuminate\\Http\\Request))
#28 /var/www/html/neopaed/vendor/laravel/framework/src/Illuminate/Cookie/Middleware/EncryptCookies.php(66): Illuminate\\Routing\\Pipeline->Illuminate\\Routing\\{closure}(Object(Illuminate\\Http\\Request))
#29 /var/www/html/neopaed/vendor/laravel/framework/src/Illuminate/Pipeline/Pipeline.php(151): Illuminate\\Cookie\\Middleware\\EncryptCookies->handle(Object(Illuminate\\Http\\Request), Object(Closure))
#30 /var/www/html/neopaed/vendor/laravel/framework/src/Illuminate/Routing/Pipeline.php(53): Illuminate\\Pipeline\\Pipeline->Illuminate\\Pipeline\\{closure}(Object(Illuminate\\Http\\Request))
#31 /var/www/html/neopaed/vendor/laravel/framework/src/Illuminate/Foundation/Http/Middleware/CheckForMaintenanceMode.php(62): Illuminate\\Routing\\Pipeline->Illuminate\\Routing\\{closure}(Object(Illuminate\\Http\\Request))
#32 /var/www/html/neopaed/vendor/laravel/framework/src/Illuminate/Pipeline/Pipeline.php(151): Illuminate\\Foundation\\Http\\Middleware\\CheckForMaintenanceMode->handle(Object(Illuminate\\Http\\Request), Object(Closure))
#33 /var/www/html/neopaed/vendor/laravel/framework/src/Illuminate/Routing/Pipeline.php(53): Illuminate\\Pipeline\\Pipeline->Illuminate\\Pipeline\\{closure}(Object(Illuminate\\Http\\Request))
#34 /var/www/html/neopaed/vendor/laravel/framework/src/Illuminate/Pipeline/Pipeline.php(104): Illuminate\\Routing\\Pipeline->Illuminate\\Routing\\{closure}(Object(Illuminate\\Http\\Request))
#35 /var/www/html/neopaed/vendor/laravel/framework/src/Illuminate/Foundation/Http/Kernel.php(151): Illuminate\\Pipeline\\Pipeline->then(Object(Closure))
#36 /var/www/html/neopaed/vendor/laravel/framework/src/Illuminate/Foundation/Http/Kernel.php(116): Illuminate\\Foundation\\Http\\Kernel->sendRequestThroughRouter(Object(Illuminate\\Http\\Request))
#37 /var/www/html/neopaed/public/index.php(52): Illuminate\\Foundation\\Http\\Kernel->handle(Object(Illuminate\\Http\\Request))
#38 {main}
"} 
[2025-12-29 17:53:41] local.ERROR: Method App\Http\Controllers\TranscribtionIntegrationController::updateTwinBaby does not exist. {"exception":"[object] (BadMethodCallException(code: 0): Method App\\Http\\Controllers\\TranscribtionIntegrationController::updateTwinBaby does not exist. at /var/www/html/neopaed/vendor/laravel/framework/src/Illuminate/Routing/Controller.php:68)
[stacktrace]
#0 /var/www/html/neopaed/app/Http/Controllers/TranscribtionIntegrationController.php(968): Illuminate\\Routing\\Controller->__call('updateTwinBaby', Array)
#1 /var/www/html/neopaed/app/Http/Controllers/TranscribtionIntegrationController.php(1827): App\\Http\\Controllers\\TranscribtionIntegrationController->createUpdateBabyDetails(Array)
#2 /var/www/html/neopaed/app/Http/Controllers/TranscribtionIntegrationController.php(1802): App\\Http\\Controllers\\TranscribtionIntegrationController->createUpdateNicuAdmission(Array)
#3 [internal function]: App\\Http\\Controllers\\TranscribtionIntegrationController->storeTranscribedNicuAdmissionData(Object(Illuminate\\Http\\Request))
#4 /var/www/html/neopaed/vendor/laravel/framework/src/Illuminate/Routing/Controller.php(54): call_user_func_array(Array, Array)
#5 /var/www/html/neopaed/vendor/laravel/framework/src/Illuminate/Routing/ControllerDispatcher.php(45): Illuminate\\Routing\\Controller->callAction('storeTranscribe...', Array)
#6 /var/www/html/neopaed/vendor/laravel/framework/src/Illuminate/Routing/Route.php(212): Illuminate\\Routing\\ControllerDispatcher->dispatch(Object(Illuminate\\Routing\\Route), Object(App\\Http\\Controllers\\TranscribtionIntegrationController), 'storeTranscribe...')
#7 /var/www/html/neopaed/vendor/laravel/framework/src/Illuminate/Routing/Route.php(169): Illuminate\\Routing\\Route->runController()
#8 /var/www/html/neopaed/vendor/laravel/framework/src/Illuminate/Routing/Router.php(665): Illuminate\\Routing\\Route->run()
#9 /var/www/html/neopaed/vendor/laravel/framework/src/Illuminate/Routing/Pipeline.php(30): Illuminate\\Routing\\Router->Illuminate\\Routing\\{closure}(Object(Illuminate\\Http\\Request))
#10 /var/www/html/neopaed/vendor/laravel/framework/src/Illuminate/Pipeline/Pipeline.php(104): Illuminate\\Routing\\Pipeline->Illuminate\\Routing\\{closure}(Object(Illuminate\\Http\\Request))
#11 /var/www/html/neopaed/vendor/laravel/framework/src/Illuminate/Routing/Router.php(667): Illuminate\\Pipeline\\Pipeline->then(Object(Closure))
#12 /var/www/html/neopaed/vendor/laravel/framework/src/Illuminate/Routing/Router.php(642): Illuminate\\Routing\\Router->runRouteWithinStack(Object(Illuminate\\Routing\\Route), Object(Illuminate\\Http\\Request))
#13 /var/www/html/neopaed/vendor/laravel/framework/src/Illuminate/Routing/Router.php(608): Illuminate\\Routing\\Router->runRoute(Object(Illuminate\\Http\\Request), Object(Illuminate\\Routing\\Route))
#14 /var/www/html/neopaed/vendor/laravel/framework/src/Illuminate/Routing/Router.php(597): Illuminate\\Routing\\Router->dispatchToRoute(Object(Illuminate\\Http\\Request))
#15 /var/www/html/neopaed/vendor/laravel/framework/src/Illuminate/Foundation/Http/Kernel.php(176): Illuminate\\Routing\\Router->dispatch(Object(Illuminate\\Http\\Request))
#16 /var/www/html/neopaed/vendor/laravel/framework/src/Illuminate/Routing/Pipeline.php(30): Illuminate\\Foundation\\Http\\Kernel->Illuminate\\Foundation\\Http\\{closure}(Object(Illuminate\\Http\\Request))
#17 /var/www/html/neopaed/vendor/laravel/framework/src/Illuminate/Foundation/Http/Middleware/VerifyCsrfToken.php(68): Illuminate\\Routing\\Pipeline->Illuminate\\Routing\\{closure}(Object(Illuminate\\Http\\Request))
#18 /var/www/html/neopaed/app/Http/Middleware/VerifyCsrfToken.php(54): Illuminate\\Foundation\\Http\\Middleware\\VerifyCsrfToken->handle(Object(Illuminate\\Http\\Request), Object(Closure))
#19 /var/www/html/neopaed/vendor/laravel/framework/src/Illuminate/Pipeline/Pipeline.php(151): App\\Http\\Middleware\\VerifyCsrfToken->handle(Object(Illuminate\\Http\\Request), Object(Closure))
#20 /var/www/html/neopaed/vendor/laravel/framework/src/Illuminate/Routing/Pipeline.php(53): Illuminate\\Pipeline\\Pipeline->Illuminate\\Pipeline\\{closure}(Object(Illuminate\\Http\\Request))
#21 /var/www/html/neopaed/vendor/laravel/framework/src/Illuminate/View/Middleware/ShareErrorsFromSession.php(49): Illuminate\\Routing\\Pipeline->Illuminate\\Routing\\{closure}(Object(Illuminate\\Http\\Request))
#22 /var/www/html/neopaed/vendor/laravel/framework/src/Illuminate/Pipeline/Pipeline.php(151): Illuminate\\View\\Middleware\\ShareErrorsFromSession->handle(Object(Illuminate\\Http\\Request), Object(Closure))
#23 /var/www/html/neopaed/vendor/laravel/framework/src/Illuminate/Routing/Pipeline.php(53): Illuminate\\Pipeline\\Pipeline->Illuminate\\Pipeline\\{closure}(Object(Illuminate\\Http\\Request))
#24 /var/www/html/neopaed/vendor/laravel/framework/src/Illuminate/Session/Middleware/StartSession.php(63): Illuminate\\Routing\\Pipeline->Illuminate\\Routing\\{closure}(Object(Illuminate\\Http\\Request))
#25 /var/www/html/neopaed/vendor/laravel/framework/src/Illuminate/Pipeline/Pipeline.php(151): Illuminate\\Session\\Middleware\\StartSession->handle(Object(Illuminate\\Http\\Request), Object(Closure))
#26 /var/www/html/neopaed/vendor/laravel/framework/src/Illuminate/Routing/Pipeline.php(53): Illuminate\\Pipeline\\Pipeline->Illuminate\\Pipeline\\{closure}(Object(Illuminate\\Http\\Request))
#27 /var/www/html/neopaed/vendor/laravel/framework/src/Illuminate/Cookie/Middleware/AddQueuedCookiesToResponse.php(37): Illuminate\\Routing\\Pipeline->Illuminate\\Routing\\{closure}(Object(Illuminate\\Http\\Request))
#28 /var/www/html/neopaed/vendor/laravel/framework/src/Illuminate/Pipeline/Pipeline.php(151): Illuminate\\Cookie\\Middleware\\AddQueuedCookiesToResponse->handle(Object(Illuminate\\Http\\Request), Object(Closure))
#29 /var/www/html/neopaed/vendor/laravel/framework/src/Illuminate/Routing/Pipeline.php(53): Illuminate\\Pipeline\\Pipeline->Illuminate\\Pipeline\\{closure}(Object(Illuminate\\Http\\Request))
#30 /var/www/html/neopaed/vendor/laravel/framework/src/Illuminate/Cookie/Middleware/EncryptCookies.php(66): Illuminate\\Routing\\Pipeline->Illuminate\\Routing\\{closure}(Object(Illuminate\\Http\\Request))
#31 /var/www/html/neopaed/vendor/laravel/framework/src/Illuminate/Pipeline/Pipeline.php(151): Illuminate\\Cookie\\Middleware\\EncryptCookies->handle(Object(Illuminate\\Http\\Request), Object(Closure))
#32 /var/www/html/neopaed/vendor/laravel/framework/src/Illuminate/Routing/Pipeline.php(53): Illuminate\\Pipeline\\Pipeline->Illuminate\\Pipeline\\{closure}(Object(Illuminate\\Http\\Request))
#33 /var/www/html/neopaed/vendor/laravel/framework/src/Illuminate/Foundation/Http/Middleware/CheckForMaintenanceMode.php(62): Illuminate\\Routing\\Pipeline->Illuminate\\Routing\\{closure}(Object(Illuminate\\Http\\Request))
#34 /var/www/html/neopaed/vendor/laravel/framework/src/Illuminate/Pipeline/Pipeline.php(151): Illuminate\\Foundation\\Http\\Middleware\\CheckForMaintenanceMode->handle(Object(Illuminate\\Http\\Request), Object(Closure))
#35 /var/www/html/neopaed/vendor/laravel/framework/src/Illuminate/Routing/Pipeline.php(53): Illuminate\\Pipeline\\Pipeline->Illuminate\\Pipeline\\{closure}(Object(Illuminate\\Http\\Request))
#36 /var/www/html/neopaed/vendor/laravel/framework/src/Illuminate/Pipeline/Pipeline.php(104): Illuminate\\Routing\\Pipeline->Illuminate\\Routing\\{closure}(Object(Illuminate\\Http\\Request))
#37 /var/www/html/neopaed/vendor/laravel/framework/src/Illuminate/Foundation/Http/Kernel.php(151): Illuminate\\Pipeline\\Pipeline->then(Object(Closure))
#38 /var/www/html/neopaed/vendor/laravel/framework/src/Illuminate/Foundation/Http/Kernel.php(116): Illuminate\\Foundation\\Http\\Kernel->sendRequestThroughRouter(Object(Illuminate\\Http\\Request))
#39 /var/www/html/neopaed/public/index.php(52): Illuminate\\Foundation\\Http\\Kernel->handle(Object(Illuminate\\Http\\Request))
#40 {main}
"} 
[2025-12-29 17:53:41] local.ERROR: Method App\Http\Controllers\TranscribtionIntegrationController::updateTwinBaby does not exist. {"exception":"[object] (BadMethodCallException(code: 0): Method App\\Http\\Controllers\\TranscribtionIntegrationController::updateTwinBaby does not exist. at /var/www/html/neopaed/vendor/laravel/framework/src/Illuminate/Routing/Controller.php:68)
[stacktrace]
#0 /var/www/html/neopaed/app/Http/Controllers/TranscribtionIntegrationController.php(968): Illuminate\\Routing\\Controller->__call('updateTwinBaby', Array)
#1 /var/www/html/neopaed/app/Http/Controllers/TranscribtionIntegrationController.php(1827): App\\Http\\Controllers\\TranscribtionIntegrationController->createUpdateBabyDetails(Array)
#2 /var/www/html/neopaed/app/Http/Controllers/TranscribtionIntegrationController.php(1802): App\\Http\\Controllers\\TranscribtionIntegrationController->createUpdateNicuAdmission(Array)
#3 [internal function]: App\\Http\\Controllers\\TranscribtionIntegrationController->storeTranscribedNicuAdmissionData(Object(Illuminate\\Http\\Request))
#4 /var/www/html/neopaed/vendor/laravel/framework/src/Illuminate/Routing/Controller.php(54): call_user_func_array(Array, Array)
#5 /var/www/html/neopaed/vendor/laravel/framework/src/Illuminate/Routing/ControllerDispatcher.php(45): Illuminate\\Routing\\Controller->callAction('storeTranscribe...', Array)
#6 /var/www/html/neopaed/vendor/laravel/framework/src/Illuminate/Routing/Route.php(212): Illuminate\\Routing\\ControllerDispatcher->dispatch(Object(Illuminate\\Routing\\Route), Object(App\\Http\\Controllers\\TranscribtionIntegrationController), 'storeTranscribe...')
#7 /var/www/html/neopaed/vendor/laravel/framework/src/Illuminate/Routing/Route.php(169): Illuminate\\Routing\\Route->runController()
#8 /var/www/html/neopaed/vendor/laravel/framework/src/Illuminate/Routing/Router.php(665): Illuminate\\Routing\\Route->run()
#9 /var/www/html/neopaed/vendor/laravel/framework/src/Illuminate/Routing/Pipeline.php(30): Illuminate\\Routing\\Router->Illuminate\\Routing\\{closure}(Object(Illuminate\\Http\\Request))
#10 /var/www/html/neopaed/vendor/laravel/framework/src/Illuminate/Pipeline/Pipeline.php(104): Illuminate\\Routing\\Pipeline->Illuminate\\Routing\\{closure}(Object(Illuminate\\Http\\Request))
#11 /var/www/html/neopaed/vendor/laravel/framework/src/Illuminate/Routing/Router.php(667): Illuminate\\Pipeline\\Pipeline->then(Object(Closure))
#12 /var/www/html/neopaed/vendor/laravel/framework/src/Illuminate/Routing/Router.php(642): Illuminate\\Routing\\Router->runRouteWithinStack(Object(Illuminate\\Routing\\Route), Object(Illuminate\\Http\\Request))
#13 /var/www/html/neopaed/vendor/laravel/framework/src/Illuminate/Routing/Router.php(608): Illuminate\\Routing\\Router->runRoute(Object(Illuminate\\Http\\Request), Object(Illuminate\\Routing\\Route))
#14 /var/www/html/neopaed/vendor/laravel/framework/src/Illuminate/Routing/Router.php(597): Illuminate\\Routing\\Router->dispatchToRoute(Object(Illuminate\\Http\\Request))
#15 /var/www/html/neopaed/vendor/laravel/framework/src/Illuminate/Foundation/Http/Kernel.php(176): Illuminate\\Routing\\Router->dispatch(Object(Illuminate\\Http\\Request))
#16 /var/www/html/neopaed/vendor/laravel/framework/src/Illuminate/Routing/Pipeline.php(30): Illuminate\\Foundation\\Http\\Kernel->Illuminate\\Foundation\\Http\\{closure}(Object(Illuminate\\Http\\Request))
#17 /var/www/html/neopaed/vendor/laravel/framework/src/Illuminate/Foundation/Http/Middleware/VerifyCsrfToken.php(68): Illuminate\\Routing\\Pipeline->Illuminate\\Routing\\{closure}(Object(Illuminate\\Http\\Request))
#18 /var/www/html/neopaed/app/Http/Middleware/VerifyCsrfToken.php(54): Illuminate\\Foundation\\Http\\Middleware\\VerifyCsrfToken->handle(Object(Illuminate\\Http\\Request), Object(Closure))
#19 /var/www/html/neopaed/vendor/laravel/framework/src/Illuminate/Pipeline/Pipeline.php(151): App\\Http\\Middleware\\VerifyCsrfToken->handle(Object(Illuminate\\Http\\Request), Object(Closure))
#20 /var/www/html/neopaed/vendor/laravel/framework/src/Illuminate/Routing/Pipeline.php(53): Illuminate\\Pipeline\\Pipeline->Illuminate\\Pipeline\\{closure}(Object(Illuminate\\Http\\Request))
#21 /var/www/html/neopaed/vendor/laravel/framework/src/Illuminate/View/Middleware/ShareErrorsFromSession.php(49): Illuminate\\Routing\\Pipeline->Illuminate\\Routing\\{closure}(Object(Illuminate\\Http\\Request))
#22 /var/www/html/neopaed/vendor/laravel/framework/src/Illuminate/Pipeline/Pipeline.php(151): Illuminate\\View\\Middleware\\ShareErrorsFromSession->handle(Object(Illuminate\\Http\\Request), Object(Closure))
#23 /var/www/html/neopaed/vendor/laravel/framework/src/Illuminate/Routing/Pipeline.php(53): Illuminate\\Pipeline\\Pipeline->Illuminate\\Pipeline\\{closure}(Object(Illuminate\\Http\\Request))
#24 /var/www/html/neopaed/vendor/laravel/framework/src/Illuminate/Session/Middleware/StartSession.php(63): Illuminate\\Routing\\Pipeline->Illuminate\\Routing\\{closure}(Object(Illuminate\\Http\\Request))
#25 /var/www/html/neopaed/vendor/laravel/framework/src/Illuminate/Pipeline/Pipeline.php(151): Illuminate\\Session\\Middleware\\StartSession->handle(Object(Illuminate\\Http\\Request), Object(Closure))
#26 /var/www/html/neopaed/vendor/laravel/framework/src/Illuminate/Routing/Pipeline.php(53): Illuminate\\Pipeline\\Pipeline->Illuminate\\Pipeline\\{closure}(Object(Illuminate\\Http\\Request))
#27 /var/www/html/neopaed/vendor/laravel/framework/src/Illuminate/Cookie/Middleware/AddQueuedCookiesToResponse.php(37): Illuminate\\Routing\\Pipeline->Illuminate\\Routing\\{closure}(Object(Illuminate\\Http\\Request))
#28 /var/www/html/neopaed/vendor/laravel/framework/src/Illuminate/Pipeline/Pipeline.php(151): Illuminate\\Cookie\\Middleware\\AddQueuedCookiesToResponse->handle(Object(Illuminate\\Http\\Request), Object(Closure))
#29 /var/www/html/neopaed/vendor/laravel/framework/src/Illuminate/Routing/Pipeline.php(53): Illuminate\\Pipeline\\Pipeline->Illuminate\\Pipeline\\{closure}(Object(Illuminate\\Http\\Request))
#30 /var/www/html/neopaed/vendor/laravel/framework/src/Illuminate/Cookie/Middleware/EncryptCookies.php(66): Illuminate\\Routing\\Pipeline->Illuminate\\Routing\\{closure}(Object(Illuminate\\Http\\Request))
#31 /var/www/html/neopaed/vendor/laravel/framework/src/Illuminate/Pipeline/Pipeline.php(151): Illuminate\\Cookie\\Middleware\\EncryptCookies->handle(Object(Illuminate\\Http\\Request), Object(Closure))
#32 /var/www/html/neopaed/vendor/laravel/framework/src/Illuminate/Routing/Pipeline.php(53): Illuminate\\Pipeline\\Pipeline->Illuminate\\Pipeline\\{closure}(Object(Illuminate\\Http\\Request))
#33 /var/www/html/neopaed/vendor/laravel/framework/src/Illuminate/Foundation/Http/Middleware/CheckForMaintenanceMode.php(62): Illuminate\\Routing\\Pipeline->Illuminate\\Routing\\{closure}(Object(Illuminate\\Http\\Request))
#34 /var/www/html/neopaed/vendor/laravel/framework/src/Illuminate/Pipeline/Pipeline.php(151): Illuminate\\Foundation\\Http\\Middleware\\CheckForMaintenanceMode->handle(Object(Illuminate\\Http\\Request), Object(Closure))
#35 /var/www/html/neopaed/vendor/laravel/framework/src/Illuminate/Routing/Pipeline.php(53): Illuminate\\Pipeline\\Pipeline->Illuminate\\Pipeline\\{closure}(Object(Illuminate\\Http\\Request))
#36 /var/www/html/neopaed/vendor/laravel/framework/src/Illuminate/Pipeline/Pipeline.php(104): Illuminate\\Routing\\Pipeline->Illuminate\\Routing\\{closure}(Object(Illuminate\\Http\\Request))
#37 /var/www/html/neopaed/vendor/laravel/framework/src/Illuminate/Foundation/Http/Kernel.php(151): Illuminate\\Pipeline\\Pipeline->then(Object(Closure))
#38 /var/www/html/neopaed/vendor/laravel/framework/src/Illuminate/Foundation/Http/Kernel.php(116): Illuminate\\Foundation\\Http\\Kernel->sendRequestThroughRouter(Object(Illuminate\\Http\\Request))
#39 /var/www/html/neopaed/public/index.php(52): Illuminate\\Foundation\\Http\\Kernel->handle(Object(Illuminate\\Http\\Request))
#40 {main}
"} 
[2025-12-29 17:55:21] local.ERROR: Method App\Http\Controllers\TranscribtionIntegrationController::updateTwinBaby does not exist. {"exception":"[object] (BadMethodCallException(code: 0): Method App\\Http\\Controllers\\TranscribtionIntegrationController::updateTwinBaby does not exist. at /var/www/html/neopaed/vendor/laravel/framework/src/Illuminate/Routing/Controller.php:68)
[stacktrace]
#0 /var/www/html/neopaed/app/Http/Controllers/TranscribtionIntegrationController.php(987): Illuminate\\Routing\\Controller->__call('updateTwinBaby', Array)
#1 /var/www/html/neopaed/app/Http/Controllers/TranscribtionIntegrationController.php(450): App\\Http\\Controllers\\TranscribtionIntegrationController->createUpdateBabyDetails(Array)
#2 [internal function]: App\\Http\\Controllers\\TranscribtionIntegrationController->storeTranscribedNeonatalProformaData(Object(Illuminate\\Http\\Request))
#3 /var/www/html/neopaed/vendor/laravel/framework/src/Illuminate/Routing/Controller.php(54): call_user_func_array(Array, Array)
#4 /var/www/html/neopaed/vendor/laravel/framework/src/Illuminate/Routing/ControllerDispatcher.php(45): Illuminate\\Routing\\Controller->callAction('storeTranscribe...', Array)
#5 /var/www/html/neopaed/vendor/laravel/framework/src/Illuminate/Routing/Route.php(212): Illuminate\\Routing\\ControllerDispatcher->dispatch(Object(Illuminate\\Routing\\Route), Object(App\\Http\\Controllers\\TranscribtionIntegrationController), 'storeTranscribe...')
#6 /var/www/html/neopaed/vendor/laravel/framework/src/Illuminate/Routing/Route.php(169): Illuminate\\Routing\\Route->runController()
#7 /var/www/html/neopaed/vendor/laravel/framework/src/Illuminate/Routing/Router.php(665): Illuminate\\Routing\\Route->run()
#8 /var/www/html/neopaed/vendor/laravel/framework/src/Illuminate/Routing/Pipeline.php(30): Illuminate\\Routing\\Router->Illuminate\\Routing\\{closure}(Object(Illuminate\\Http\\Request))
#9 /var/www/html/neopaed/vendor/laravel/framework/src/Illuminate/Pipeline/Pipeline.php(104): Illuminate\\Routing\\Pipeline->Illuminate\\Routing\\{closure}(Object(Illuminate\\Http\\Request))
#10 /var/www/html/neopaed/vendor/laravel/framework/src/Illuminate/Routing/Router.php(667): Illuminate\\Pipeline\\Pipeline->then(Object(Closure))
#11 /var/www/html/neopaed/vendor/laravel/framework/src/Illuminate/Routing/Router.php(642): Illuminate\\Routing\\Router->runRouteWithinStack(Object(Illuminate\\Routing\\Route), Object(Illuminate\\Http\\Request))
#12 /var/www/html/neopaed/vendor/laravel/framework/src/Illuminate/Routing/Router.php(608): Illuminate\\Routing\\Router->runRoute(Object(Illuminate\\Http\\Request), Object(Illuminate\\Routing\\Route))
#13 /var/www/html/neopaed/vendor/laravel/framework/src/Illuminate/Routing/Router.php(597): Illuminate\\Routing\\Router->dispatchToRoute(Object(Illuminate\\Http\\Request))
#14 /var/www/html/neopaed/vendor/laravel/framework/src/Illuminate/Foundation/Http/Kernel.php(176): Illuminate\\Routing\\Router->dispatch(Object(Illuminate\\Http\\Request))
#15 /var/www/html/neopaed/vendor/laravel/framework/src/Illuminate/Routing/Pipeline.php(30): Illuminate\\Foundation\\Http\\Kernel->Illuminate\\Foundation\\Http\\{closure}(Object(Illuminate\\Http\\Request))
#16 /var/www/html/neopaed/vendor/laravel/framework/src/Illuminate/Foundation/Http/Middleware/VerifyCsrfToken.php(68): Illuminate\\Routing\\Pipeline->Illuminate\\Routing\\{closure}(Object(Illuminate\\Http\\Request))
#17 /var/www/html/neopaed/app/Http/Middleware/VerifyCsrfToken.php(54): Illuminate\\Foundation\\Http\\Middleware\\VerifyCsrfToken->handle(Object(Illuminate\\Http\\Request), Object(Closure))
#18 /var/www/html/neopaed/vendor/laravel/framework/src/Illuminate/Pipeline/Pipeline.php(151): App\\Http\\Middleware\\VerifyCsrfToken->handle(Object(Illuminate\\Http\\Request), Object(Closure))
#19 /var/www/html/neopaed/vendor/laravel/framework/src/Illuminate/Routing/Pipeline.php(53): Illuminate\\Pipeline\\Pipeline->Illuminate\\Pipeline\\{closure}(Object(Illuminate\\Http\\Request))
#20 /var/www/html/neopaed/vendor/laravel/framework/src/Illuminate/View/Middleware/ShareErrorsFromSession.php(49): Illuminate\\Routing\\Pipeline->Illuminate\\Routing\\{closure}(Object(Illuminate\\Http\\Request))
#21 /var/www/html/neopaed/vendor/laravel/framework/src/Illuminate/Pipeline/Pipeline.php(151): Illuminate\\View\\Middleware\\ShareErrorsFromSession->handle(Object(Illuminate\\Http\\Request), Object(Closure))
#22 /var/www/html/neopaed/vendor/laravel/framework/src/Illuminate/Routing/Pipeline.php(53): Illuminate\\Pipeline\\Pipeline->Illuminate\\Pipeline\\{closure}(Object(Illuminate\\Http\\Request))
#23 /var/www/html/neopaed/vendor/laravel/framework/src/Illuminate/Session/Middleware/StartSession.php(63): Illuminate\\Routing\\Pipeline->Illuminate\\Routing\\{closure}(Object(Illuminate\\Http\\Request))
#24 /var/www/html/neopaed/vendor/laravel/framework/src/Illuminate/Pipeline/Pipeline.php(151): Illuminate\\Session\\Middleware\\StartSession->handle(Object(Illuminate\\Http\\Request), Object(Closure))
#25 /var/www/html/neopaed/vendor/laravel/framework/src/Illuminate/Routing/Pipeline.php(53): Illuminate\\Pipeline\\Pipeline->Illuminate\\Pipeline\\{closure}(Object(Illuminate\\Http\\Request))
#26 /var/www/html/neopaed/vendor/laravel/framework/src/Illuminate/Cookie/Middleware/AddQueuedCookiesToResponse.php(37): Illuminate\\Routing\\Pipeline->Illuminate\\Routing\\{closure}(Object(Illuminate\\Http\\Request))
#27 /var/www/html/neopaed/vendor/laravel/framework/src/Illuminate/Pipeline/Pipeline.php(151): Illuminate\\Cookie\\Middleware\\AddQueuedCookiesToResponse->handle(Object(Illuminate\\Http\\Request), Object(Closure))
#28 /var/www/html/neopaed/vendor/laravel/framework/src/Illuminate/Routing/Pipeline.php(53): Illuminate\\Pipeline\\Pipeline->Illuminate\\Pipeline\\{closure}(Object(Illuminate\\Http\\Request))
#29 /var/www/html/neopaed/vendor/laravel/framework/src/Illuminate/Cookie/Middleware/EncryptCookies.php(66): Illuminate\\Routing\\Pipeline->Illuminate\\Routing\\{closure}(Object(Illuminate\\Http\\Request))
#30 /var/www/html/neopaed/vendor/laravel/framework/src/Illuminate/Pipeline/Pipeline.php(151): Illuminate\\Cookie\\Middleware\\EncryptCookies->handle(Object(Illuminate\\Http\\Request), Object(Closure))
#31 /var/www/html/neopaed/vendor/laravel/framework/src/Illuminate/Routing/Pipeline.php(53): Illuminate\\Pipeline\\Pipeline->Illuminate\\Pipeline\\{closure}(Object(Illuminate\\Http\\Request))
#32 /var/www/html/neopaed/vendor/laravel/framework/src/Illuminate/Foundation/Http/Middleware/CheckForMaintenanceMode.php(62): Illuminate\\Routing\\Pipeline->Illuminate\\Routing\\{closure}(Object(Illuminate\\Http\\Request))
#33 /var/www/html/neopaed/vendor/laravel/framework/src/Illuminate/Pipeline/Pipeline.php(151): Illuminate\\Foundation\\Http\\Middleware\\CheckForMaintenanceMode->handle(Object(Illuminate\\Http\\Request), Object(Closure))
#34 /var/www/html/neopaed/vendor/laravel/framework/src/Illuminate/Routing/Pipeline.php(53): Illuminate\\Pipeline\\Pipeline->Illuminate\\Pipeline\\{closure}(Object(Illuminate\\Http\\Request))
#35 /var/www/html/neopaed/vendor/laravel/framework/src/Illuminate/Pipeline/Pipeline.php(104): Illuminate\\Routing\\Pipeline->Illuminate\\Routing\\{closure}(Object(Illuminate\\Http\\Request))
#36 /var/www/html/neopaed/vendor/laravel/framework/src/Illuminate/Foundation/Http/Kernel.php(151): Illuminate\\Pipeline\\Pipeline->then(Object(Closure))
#37 /var/www/html/neopaed/vendor/laravel/framework/src/Illuminate/Foundation/Http/Kernel.php(116): Illuminate\\Foundation\\Http\\Kernel->sendRequestThroughRouter(Object(Illuminate\\Http\\Request))
#38 /var/www/html/neopaed/public/index.php(52): Illuminate\\Foundation\\Http\\Kernel->handle(Object(Illuminate\\Http\\Request))
#39 {main}
"} 
[2025-12-29 17:55:21] local.ERROR: Method App\Http\Controllers\TranscribtionIntegrationController::updateTwinBaby does not exist. {"exception":"[object] (BadMethodCallException(code: 0): Method App\\Http\\Controllers\\TranscribtionIntegrationController::updateTwinBaby does not exist. at /var/www/html/neopaed/vendor/laravel/framework/src/Illuminate/Routing/Controller.php:68)
[stacktrace]
#0 /var/www/html/neopaed/app/Http/Controllers/TranscribtionIntegrationController.php(987): Illuminate\\Routing\\Controller->__call('updateTwinBaby', Array)
#1 /var/www/html/neopaed/app/Http/Controllers/TranscribtionIntegrationController.php(1846): App\\Http\\Controllers\\TranscribtionIntegrationController->createUpdateBabyDetails(Array)
#2 /var/www/html/neopaed/app/Http/Controllers/TranscribtionIntegrationController.php(1821): App\\Http\\Controllers\\TranscribtionIntegrationController->createUpdateNicuAdmission(Array)
#3 [internal function]: App\\Http\\Controllers\\TranscribtionIntegrationController->storeTranscribedNicuAdmissionData(Object(Illuminate\\Http\\Request))
#4 /var/www/html/neopaed/vendor/laravel/framework/src/Illuminate/Routing/Controller.php(54): call_user_func_array(Array, Array)
#5 /var/www/html/neopaed/vendor/laravel/framework/src/Illuminate/Routing/ControllerDispatcher.php(45): Illuminate\\Routing\\Controller->callAction('storeTranscribe...', Array)
#6 /var/www/html/neopaed/vendor/laravel/framework/src/Illuminate/Routing/Route.php(212): Illuminate\\Routing\\ControllerDispatcher->dispatch(Object(Illuminate\\Routing\\Route), Object(App\\Http\\Controllers\\TranscribtionIntegrationController), 'storeTranscribe...')
#7 /var/www/html/neopaed/vendor/laravel/framework/src/Illuminate/Routing/Route.php(169): Illuminate\\Routing\\Route->runController()
#8 /var/www/html/neopaed/vendor/laravel/framework/src/Illuminate/Routing/Router.php(665): Illuminate\\Routing\\Route->run()
#9 /var/www/html/neopaed/vendor/laravel/framework/src/Illuminate/Routing/Pipeline.php(30): Illuminate\\Routing\\Router->Illuminate\\Routing\\{closure}(Object(Illuminate\\Http\\Request))
#10 /var/www/html/neopaed/vendor/laravel/framework/src/Illuminate/Pipeline/Pipeline.php(104): Illuminate\\Routing\\Pipeline->Illuminate\\Routing\\{closure}(Object(Illuminate\\Http\\Request))
#11 /var/www/html/neopaed/vendor/laravel/framework/src/Illuminate/Routing/Router.php(667): Illuminate\\Pipeline\\Pipeline->then(Object(Closure))
#12 /var/www/html/neopaed/vendor/laravel/framework/src/Illuminate/Routing/Router.php(642): Illuminate\\Routing\\Router->runRouteWithinStack(Object(Illuminate\\Routing\\Route), Object(Illuminate\\Http\\Request))
#13 /var/www/html/neopaed/vendor/laravel/framework/src/Illuminate/Routing/Router.php(608): Illuminate\\Routing\\Router->runRoute(Object(Illuminate\\Http\\Request), Object(Illuminate\\Routing\\Route))
#14 /var/www/html/neopaed/vendor/laravel/framework/src/Illuminate/Routing/Router.php(597): Illuminate\\Routing\\Router->dispatchToRoute(Object(Illuminate\\Http\\Request))
#15 /var/www/html/neopaed/vendor/laravel/framework/src/Illuminate/Foundation/Http/Kernel.php(176): Illuminate\\Routing\\Router->dispatch(Object(Illuminate\\Http\\Request))
#16 /var/www/html/neopaed/vendor/laravel/framework/src/Illuminate/Routing/Pipeline.php(30): Illuminate\\Foundation\\Http\\Kernel->Illuminate\\Foundation\\Http\\{closure}(Object(Illuminate\\Http\\Request))
#17 /var/www/html/neopaed/vendor/laravel/framework/src/Illuminate/Foundation/Http/Middleware/VerifyCsrfToken.php(68): Illuminate\\Routing\\Pipeline->Illuminate\\Routing\\{closure}(Object(Illuminate\\Http\\Request))
#18 /var/www/html/neopaed/app/Http/Middleware/VerifyCsrfToken.php(54): Illuminate\\Foundation\\Http\\Middleware\\VerifyCsrfToken->handle(Object(Illuminate\\Http\\Request), Object(Closure))
#19 /var/www/html/neopaed/vendor/laravel/framework/src/Illuminate/Pipeline/Pipeline.php(151): App\\Http\\Middleware\\VerifyCsrfToken->handle(Object(Illuminate\\Http\\Request), Object(Closure))
#20 /var/www/html/neopaed/vendor/laravel/framework/src/Illuminate/Routing/Pipeline.php(53): Illuminate\\Pipeline\\Pipeline->Illuminate\\Pipeline\\{closure}(Object(Illuminate\\Http\\Request))
#21 /var/www/html/neopaed/vendor/laravel/framework/src/Illuminate/View/Middleware/ShareErrorsFromSession.php(49): Illuminate\\Routing\\Pipeline->Illuminate\\Routing\\{closure}(Object(Illuminate\\Http\\Request))
#22 /var/www/html/neopaed/vendor/laravel/framework/src/Illuminate/Pipeline/Pipeline.php(151): Illuminate\\View\\Middleware\\ShareErrorsFromSession->handle(Object(Illuminate\\Http\\Request), Object(Closure))
#23 /var/www/html/neopaed/vendor/laravel/framework/src/Illuminate/Routing/Pipeline.php(53): Illuminate\\Pipeline\\Pipeline->Illuminate\\Pipeline\\{closure}(Object(Illuminate\\Http\\Request))
#24 /var/www/html/neopaed/vendor/laravel/framework/src/Illuminate/Session/Middleware/StartSession.php(63): Illuminate\\Routing\\Pipeline->Illuminate\\Routing\\{closure}(Object(Illuminate\\Http\\Request))
#25 /var/www/html/neopaed/vendor/laravel/framework/src/Illuminate/Pipeline/Pipeline.php(151): Illuminate\\Session\\Middleware\\StartSession->handle(Object(Illuminate\\Http\\Request), Object(Closure))
#26 /var/www/html/neopaed/vendor/laravel/framework/src/Illuminate/Routing/Pipeline.php(53): Illuminate\\Pipeline\\Pipeline->Illuminate\\Pipeline\\{closure}(Object(Illuminate\\Http\\Request))
#27 /var/www/html/neopaed/vendor/laravel/framework/src/Illuminate/Cookie/Middleware/AddQueuedCookiesToResponse.php(37): Illuminate\\Routing\\Pipeline->Illuminate\\Routing\\{closure}(Object(Illuminate\\Http\\Request))
#28 /var/www/html/neopaed/vendor/laravel/framework/src/Illuminate/Pipeline/Pipeline.php(151): Illuminate\\Cookie\\Middleware\\AddQueuedCookiesToResponse->handle(Object(Illuminate\\Http\\Request), Object(Closure))
#29 /var/www/html/neopaed/vendor/laravel/framework/src/Illuminate/Routing/Pipeline.php(53): Illuminate\\Pipeline\\Pipeline->Illuminate\\Pipeline\\{closure}(Object(Illuminate\\Http\\Request))
#30 /var/www/html/neopaed/vendor/laravel/framework/src/Illuminate/Cookie/Middleware/EncryptCookies.php(66): Illuminate\\Routing\\Pipeline->Illuminate\\Routing\\{closure}(Object(Illuminate\\Http\\Request))
#31 /var/www/html/neopaed/vendor/laravel/framework/src/Illuminate/Pipeline/Pipeline.php(151): Illuminate\\Cookie\\Middleware\\EncryptCookies->handle(Object(Illuminate\\Http\\Request), Object(Closure))
#32 /var/www/html/neopaed/vendor/laravel/framework/src/Illuminate/Routing/Pipeline.php(53): Illuminate\\Pipeline\\Pipeline->Illuminate\\Pipeline\\{closure}(Object(Illuminate\\Http\\Request))
#33 /var/www/html/neopaed/vendor/laravel/framework/src/Illuminate/Foundation/Http/Middleware/CheckForMaintenanceMode.php(62): Illuminate\\Routing\\Pipeline->Illuminate\\Routing\\{closure}(Object(Illuminate\\Http\\Request))
#34 /var/www/html/neopaed/vendor/laravel/framework/src/Illuminate/Pipeline/Pipeline.php(151): Illuminate\\Foundation\\Http\\Middleware\\CheckForMaintenanceMode->handle(Object(Illuminate\\Http\\Request), Object(Closure))
#35 /var/www/html/neopaed/vendor/laravel/framework/src/Illuminate/Routing/Pipeline.php(53): Illuminate\\Pipeline\\Pipeline->Illuminate\\Pipeline\\{closure}(Object(Illuminate\\Http\\Request))
#36 /var/www/html/neopaed/vendor/laravel/framework/src/Illuminate/Pipeline/Pipeline.php(104): Illuminate\\Routing\\Pipeline->Illuminate\\Routing\\{closure}(Object(Illuminate\\Http\\Request))
#37 /var/www/html/neopaed/vendor/laravel/framework/src/Illuminate/Foundation/Http/Kernel.php(151): Illuminate\\Pipeline\\Pipeline->then(Object(Closure))
#38 /var/www/html/neopaed/vendor/laravel/framework/src/Illuminate/Foundation/Http/Kernel.php(116): Illuminate\\Foundation\\Http\\Kernel->sendRequestThroughRouter(Object(Illuminate\\Http\\Request))
#39 /var/www/html/neopaed/public/index.php(52): Illuminate\\Foundation\\Http\\Kernel->handle(Object(Illuminate\\Http\\Request))
#40 {main}
"} 
[2025-12-29 17:55:22] local.ERROR: Method App\Http\Controllers\TranscribtionIntegrationController::updateTwinBaby does not exist. {"exception":"[object] (BadMethodCallException(code: 0): Method App\\Http\\Controllers\\TranscribtionIntegrationController::updateTwinBaby does not exist. at /var/www/html/neopaed/vendor/laravel/framework/src/Illuminate/Routing/Controller.php:68)
[stacktrace]
#0 /var/www/html/neopaed/app/Http/Controllers/TranscribtionIntegrationController.php(987): Illuminate\\Routing\\Controller->__call('updateTwinBaby', Array)
#1 /var/www/html/neopaed/app/Http/Controllers/TranscribtionIntegrationController.php(1846): App\\Http\\Controllers\\TranscribtionIntegrationController->createUpdateBabyDetails(Array)
#2 /var/www/html/neopaed/app/Http/Controllers/TranscribtionIntegrationController.php(1821): App\\Http\\Controllers\\TranscribtionIntegrationController->createUpdateNicuAdmission(Array)
#3 [internal function]: App\\Http\\Controllers\\TranscribtionIntegrationController->storeTranscribedNicuAdmissionData(Object(Illuminate\\Http\\Request))
#4 /var/www/html/neopaed/vendor/laravel/framework/src/Illuminate/Routing/Controller.php(54): call_user_func_array(Array, Array)
#5 /var/www/html/neopaed/vendor/laravel/framework/src/Illuminate/Routing/ControllerDispatcher.php(45): Illuminate\\Routing\\Controller->callAction('storeTranscribe...', Array)
#6 /var/www/html/neopaed/vendor/laravel/framework/src/Illuminate/Routing/Route.php(212): Illuminate\\Routing\\ControllerDispatcher->dispatch(Object(Illuminate\\Routing\\Route), Object(App\\Http\\Controllers\\TranscribtionIntegrationController), 'storeTranscribe...')
#7 /var/www/html/neopaed/vendor/laravel/framework/src/Illuminate/Routing/Route.php(169): Illuminate\\Routing\\Route->runController()
#8 /var/www/html/neopaed/vendor/laravel/framework/src/Illuminate/Routing/Router.php(665): Illuminate\\Routing\\Route->run()
#9 /var/www/html/neopaed/vendor/laravel/framework/src/Illuminate/Routing/Pipeline.php(30): Illuminate\\Routing\\Router->Illuminate\\Routing\\{closure}(Object(Illuminate\\Http\\Request))
#10 /var/www/html/neopaed/vendor/laravel/framework/src/Illuminate/Pipeline/Pipeline.php(104): Illuminate\\Routing\\Pipeline->Illuminate\\Routing\\{closure}(Object(Illuminate\\Http\\Request))
#11 /var/www/html/neopaed/vendor/laravel/framework/src/Illuminate/Routing/Router.php(667): Illuminate\\Pipeline\\Pipeline->then(Object(Closure))
#12 /var/www/html/neopaed/vendor/laravel/framework/src/Illuminate/Routing/Router.php(642): Illuminate\\Routing\\Router->runRouteWithinStack(Object(Illuminate\\Routing\\Route), Object(Illuminate\\Http\\Request))
#13 /var/www/html/neopaed/vendor/laravel/framework/src/Illuminate/Routing/Router.php(608): Illuminate\\Routing\\Router->runRoute(Object(Illuminate\\Http\\Request), Object(Illuminate\\Routing\\Route))
#14 /var/www/html/neopaed/vendor/laravel/framework/src/Illuminate/Routing/Router.php(597): Illuminate\\Routing\\Router->dispatchToRoute(Object(Illuminate\\Http\\Request))
#15 /var/www/html/neopaed/vendor/laravel/framework/src/Illuminate/Foundation/Http/Kernel.php(176): Illuminate\\Routing\\Router->dispatch(Object(Illuminate\\Http\\Request))
#16 /var/www/html/neopaed/vendor/laravel/framework/src/Illuminate/Routing/Pipeline.php(30): Illuminate\\Foundation\\Http\\Kernel->Illuminate\\Foundation\\Http\\{closure}(Object(Illuminate\\Http\\Request))
#17 /var/www/html/neopaed/vendor/laravel/framework/src/Illuminate/Foundation/Http/Middleware/VerifyCsrfToken.php(68): Illuminate\\Routing\\Pipeline->Illuminate\\Routing\\{closure}(Object(Illuminate\\Http\\Request))
#18 /var/www/html/neopaed/app/Http/Middleware/VerifyCsrfToken.php(54): Illuminate\\Foundation\\Http\\Middleware\\VerifyCsrfToken->handle(Object(Illuminate\\Http\\Request), Object(Closure))
#19 /var/www/html/neopaed/vendor/laravel/framework/src/Illuminate/Pipeline/Pipeline.php(151): App\\Http\\Middleware\\VerifyCsrfToken->handle(Object(Illuminate\\Http\\Request), Object(Closure))
#20 /var/www/html/neopaed/vendor/laravel/framework/src/Illuminate/Routing/Pipeline.php(53): Illuminate\\Pipeline\\Pipeline->Illuminate\\Pipeline\\{closure}(Object(Illuminate\\Http\\Request))
#21 /var/www/html/neopaed/vendor/laravel/framework/src/Illuminate/View/Middleware/ShareErrorsFromSession.php(49): Illuminate\\Routing\\Pipeline->Illuminate\\Routing\\{closure}(Object(Illuminate\\Http\\Request))
#22 /var/www/html/neopaed/vendor/laravel/framework/src/Illuminate/Pipeline/Pipeline.php(151): Illuminate\\View\\Middleware\\ShareErrorsFromSession->handle(Object(Illuminate\\Http\\Request), Object(Closure))
#23 /var/www/html/neopaed/vendor/laravel/framework/src/Illuminate/Routing/Pipeline.php(53): Illuminate\\Pipeline\\Pipeline->Illuminate\\Pipeline\\{closure}(Object(Illuminate\\Http\\Request))
#24 /var/www/html/neopaed/vendor/laravel/framework/src/Illuminate/Session/Middleware/StartSession.php(63): Illuminate\\Routing\\Pipeline->Illuminate\\Routing\\{closure}(Object(Illuminate\\Http\\Request))
#25 /var/www/html/neopaed/vendor/laravel/framework/src/Illuminate/Pipeline/Pipeline.php(151): Illuminate\\Session\\Middleware\\StartSession->handle(Object(Illuminate\\Http\\Request), Object(Closure))
#26 /var/www/html/neopaed/vendor/laravel/framework/src/Illuminate/Routing/Pipeline.php(53): Illuminate\\Pipeline\\Pipeline->Illuminate\\Pipeline\\{closure}(Object(Illuminate\\Http\\Request))
#27 /var/www/html/neopaed/vendor/laravel/framework/src/Illuminate/Cookie/Middleware/AddQueuedCookiesToResponse.php(37): Illuminate\\Routing\\Pipeline->Illuminate\\Routing\\{closure}(Object(Illuminate\\Http\\Request))
#28 /var/www/html/neopaed/vendor/laravel/framework/src/Illuminate/Pipeline/Pipeline.php(151): Illuminate\\Cookie\\Middleware\\AddQueuedCookiesToResponse->handle(Object(Illuminate\\Http\\Request), Object(Closure))
#29 /var/www/html/neopaed/vendor/laravel/framework/src/Illuminate/Routing/Pipeline.php(53): Illuminate\\Pipeline\\Pipeline->Illuminate\\Pipeline\\{closure}(Object(Illuminate\\Http\\Request))
#30 /var/www/html/neopaed/vendor/laravel/framework/src/Illuminate/Cookie/Middleware/EncryptCookies.php(66): Illuminate\\Routing\\Pipeline->Illuminate\\Routing\\{closure}(Object(Illuminate\\Http\\Request))
#31 /var/www/html/neopaed/vendor/laravel/framework/src/Illuminate/Pipeline/Pipeline.php(151): Illuminate\\Cookie\\Middleware\\EncryptCookies->handle(Object(Illuminate\\Http\\Request), Object(Closure))
#32 /var/www/html/neopaed/vendor/laravel/framework/src/Illuminate/Routing/Pipeline.php(53): Illuminate\\Pipeline\\Pipeline->Illuminate\\Pipeline\\{closure}(Object(Illuminate\\Http\\Request))
#33 /var/www/html/neopaed/vendor/laravel/framework/src/Illuminate/Foundation/Http/Middleware/CheckForMaintenanceMode.php(62): Illuminate\\Routing\\Pipeline->Illuminate\\Routing\\{closure}(Object(Illuminate\\Http\\Request))
#34 /var/www/html/neopaed/vendor/laravel/framework/src/Illuminate/Pipeline/Pipeline.php(151): Illuminate\\Foundation\\Http\\Middleware\\CheckForMaintenanceMode->handle(Object(Illuminate\\Http\\Request), Object(Closure))
#35 /var/www/html/neopaed/vendor/laravel/framework/src/Illuminate/Routing/Pipeline.php(53): Illuminate\\Pipeline\\Pipeline->Illuminate\\Pipeline\\{closure}(Object(Illuminate\\Http\\Request))
#36 /var/www/html/neopaed/vendor/laravel/framework/src/Illuminate/Pipeline/Pipeline.php(104): Illuminate\\Routing\\Pipeline->Illuminate\\Routing\\{closure}(Object(Illuminate\\Http\\Request))
#37 /var/www/html/neopaed/vendor/laravel/framework/src/Illuminate/Foundation/Http/Kernel.php(151): Illuminate\\Pipeline\\Pipeline->then(Object(Closure))
#38 /var/www/html/neopaed/vendor/laravel/framework/src/Illuminate/Foundation/Http/Kernel.php(116): Illuminate\\Foundation\\Http\\Kernel->sendRequestThroughRouter(Object(Illuminate\\Http\\Request))
#39 /var/www/html/neopaed/public/index.php(52): Illuminate\\Foundation\\Http\\Kernel->handle(Object(Illuminate\\Http\\Request))
#40 {main}
"} 
[2025-12-29 17:58:22] local.ERROR: Undefined index: questions {"exception":"[object] (ErrorException(code: 0): Undefined index: questions at /var/www/html/neopaed/app/Http/Controllers/TranscribtionIntegrationController.php:230)
[stacktrace]
#0 /var/www/html/neopaed/app/Http/Controllers/TranscribtionIntegrationController.php(230): Illuminate\\Foundation\\Bootstrap\\HandleExceptions->handleError(8, 'Undefined index...', '/var/www/html/n...', 230, Array)
#1 [internal function]: App\\Http\\Controllers\\TranscribtionIntegrationController->storeTranscribedDaycareData(Object(Illuminate\\Http\\Request))
#2 /var/www/html/neopaed/vendor/laravel/framework/src/Illuminate/Routing/Controller.php(54): call_user_func_array(Array, Array)
#3 /var/www/html/neopaed/vendor/laravel/framework/src/Illuminate/Routing/ControllerDispatcher.php(45): Illuminate\\Routing\\Controller->callAction('storeTranscribe...', Array)
#4 /var/www/html/neopaed/vendor/laravel/framework/src/Illuminate/Routing/Route.php(212): Illuminate\\Routing\\ControllerDispatcher->dispatch(Object(Illuminate\\Routing\\Route), Object(App\\Http\\Controllers\\TranscribtionIntegrationController), 'storeTranscribe...')
#5 /var/www/html/neopaed/vendor/laravel/framework/src/Illuminate/Routing/Route.php(169): Illuminate\\Routing\\Route->runController()
#6 /var/www/html/neopaed/vendor/laravel/framework/src/Illuminate/Routing/Router.php(665): Illuminate\\Routing\\Route->run()
#7 /var/www/html/neopaed/vendor/laravel/framework/src/Illuminate/Routing/Pipeline.php(30): Illuminate\\Routing\\Router->Illuminate\\Routing\\{closure}(Object(Illuminate\\Http\\Request))
#8 /var/www/html/neopaed/vendor/laravel/framework/src/Illuminate/Pipeline/Pipeline.php(104): Illuminate\\Routing\\Pipeline->Illuminate\\Routing\\{closure}(Object(Illuminate\\Http\\Request))
#9 /var/www/html/neopaed/vendor/laravel/framework/src/Illuminate/Routing/Router.php(667): Illuminate\\Pipeline\\Pipeline->then(Object(Closure))
#10 /var/www/html/neopaed/vendor/laravel/framework/src/Illuminate/Routing/Router.php(642): Illuminate\\Routing\\Router->runRouteWithinStack(Object(Illuminate\\Routing\\Route), Object(Illuminate\\Http\\Request))
#11 /var/www/html/neopaed/vendor/laravel/framework/src/Illuminate/Routing/Router.php(608): Illuminate\\Routing\\Router->runRoute(Object(Illuminate\\Http\\Request), Object(Illuminate\\Routing\\Route))
#12 /var/www/html/neopaed/vendor/laravel/framework/src/Illuminate/Routing/Router.php(597): Illuminate\\Routing\\Router->dispatchToRoute(Object(Illuminate\\Http\\Request))
#13 /var/www/html/neopaed/vendor/laravel/framework/src/Illuminate/Foundation/Http/Kernel.php(176): Illuminate\\Routing\\Router->dispatch(Object(Illuminate\\Http\\Request))
#14 /var/www/html/neopaed/vendor/laravel/framework/src/Illuminate/Routing/Pipeline.php(30): Illuminate\\Foundation\\Http\\Kernel->Illuminate\\Foundation\\Http\\{closure}(Object(Illuminate\\Http\\Request))
#15 /var/www/html/neopaed/vendor/laravel/framework/src/Illuminate/Foundation/Http/Middleware/VerifyCsrfToken.php(68): Illuminate\\Routing\\Pipeline->Illuminate\\Routing\\{closure}(Object(Illuminate\\Http\\Request))
#16 /var/www/html/neopaed/app/Http/Middleware/VerifyCsrfToken.php(54): Illuminate\\Foundation\\Http\\Middleware\\VerifyCsrfToken->handle(Object(Illuminate\\Http\\Request), Object(Closure))
#17 /var/www/html/neopaed/vendor/laravel/framework/src/Illuminate/Pipeline/Pipeline.php(151): App\\Http\\Middleware\\VerifyCsrfToken->handle(Object(Illuminate\\Http\\Request), Object(Closure))
#18 /var/www/html/neopaed/vendor/laravel/framework/src/Illuminate/Routing/Pipeline.php(53): Illuminate\\Pipeline\\Pipeline->Illuminate\\Pipeline\\{closure}(Object(Illuminate\\Http\\Request))
#19 /var/www/html/neopaed/vendor/laravel/framework/src/Illuminate/View/Middleware/ShareErrorsFromSession.php(49): Illuminate\\Routing\\Pipeline->Illuminate\\Routing\\{closure}(Object(Illuminate\\Http\\Request))
#20 /var/www/html/neopaed/vendor/laravel/framework/src/Illuminate/Pipeline/Pipeline.php(151): Illuminate\\View\\Middleware\\ShareErrorsFromSession->handle(Object(Illuminate\\Http\\Request), Object(Closure))
#21 /var/www/html/neopaed/vendor/laravel/framework/src/Illuminate/Routing/Pipeline.php(53): Illuminate\\Pipeline\\Pipeline->Illuminate\\Pipeline\\{closure}(Object(Illuminate\\Http\\Request))
#22 /var/www/html/neopaed/vendor/laravel/framework/src/Illuminate/Session/Middleware/StartSession.php(63): Illuminate\\Routing\\Pipeline->Illuminate\\Routing\\{closure}(Object(Illuminate\\Http\\Request))
#23 /var/www/html/neopaed/vendor/laravel/framework/src/Illuminate/Pipeline/Pipeline.php(151): Illuminate\\Session\\Middleware\\StartSession->handle(Object(Illuminate\\Http\\Request), Object(Closure))
#24 /var/www/html/neopaed/vendor/laravel/framework/src/Illuminate/Routing/Pipeline.php(53): Illuminate\\Pipeline\\Pipeline->Illuminate\\Pipeline\\{closure}(Object(Illuminate\\Http\\Request))
#25 /var/www/html/neopaed/vendor/laravel/framework/src/Illuminate/Cookie/Middleware/AddQueuedCookiesToResponse.php(37): Illuminate\\Routing\\Pipeline->Illuminate\\Routing\\{closure}(Object(Illuminate\\Http\\Request))
#26 /var/www/html/neopaed/vendor/laravel/framework/src/Illuminate/Pipeline/Pipeline.php(151): Illuminate\\Cookie\\Middleware\\AddQueuedCookiesToResponse->handle(Object(Illuminate\\Http\\Request), Object(Closure))
#27 /var/www/html/neopaed/vendor/laravel/framework/src/Illuminate/Routing/Pipeline.php(53): Illuminate\\Pipeline\\Pipeline->Illuminate\\Pipeline\\{closure}(Object(Illuminate\\Http\\Request))
#28 /var/www/html/neopaed/vendor/laravel/framework/src/Illuminate/Cookie/Middleware/EncryptCookies.php(66): Illuminate\\Routing\\Pipeline->Illuminate\\Routing\\{closure}(Object(Illuminate\\Http\\Request))
#29 /var/www/html/neopaed/vendor/laravel/framework/src/Illuminate/Pipeline/Pipeline.php(151): Illuminate\\Cookie\\Middleware\\EncryptCookies->handle(Object(Illuminate\\Http\\Request), Object(Closure))
#30 /var/www/html/neopaed/vendor/laravel/framework/src/Illuminate/Routing/Pipeline.php(53): Illuminate\\Pipeline\\Pipeline->Illuminate\\Pipeline\\{closure}(Object(Illuminate\\Http\\Request))
#31 /var/www/html/neopaed/vendor/laravel/framework/src/Illuminate/Foundation/Http/Middleware/CheckForMaintenanceMode.php(62): Illuminate\\Routing\\Pipeline->Illuminate\\Routing\\{closure}(Object(Illuminate\\Http\\Request))
#32 /var/www/html/neopaed/vendor/laravel/framework/src/Illuminate/Pipeline/Pipeline.php(151): Illuminate\\Foundation\\Http\\Middleware\\CheckForMaintenanceMode->handle(Object(Illuminate\\Http\\Request), Object(Closure))
#33 /var/www/html/neopaed/vendor/laravel/framework/src/Illuminate/Routing/Pipeline.php(53): Illuminate\\Pipeline\\Pipeline->Illuminate\\Pipeline\\{closure}(Object(Illuminate\\Http\\Request))
#34 /var/www/html/neopaed/vendor/laravel/framework/src/Illuminate/Pipeline/Pipeline.php(104): Illuminate\\Routing\\Pipeline->Illuminate\\Routing\\{closure}(Object(Illuminate\\Http\\Request))
#35 /var/www/html/neopaed/vendor/laravel/framework/src/Illuminate/Foundation/Http/Kernel.php(151): Illuminate\\Pipeline\\Pipeline->then(Object(Closure))
#36 /var/www/html/neopaed/vendor/laravel/framework/src/Illuminate/Foundation/Http/Kernel.php(116): Illuminate\\Foundation\\Http\\Kernel->sendRequestThroughRouter(Object(Illuminate\\Http\\Request))
#37 /var/www/html/neopaed/public/index.php(52): Illuminate\\Foundation\\Http\\Kernel->handle(Object(Illuminate\\Http\\Request))
#38 {main}
"} 
